Release 14.7 - xst P.20131013 (lin64)
Copyright (c) 1995-2013 Xilinx, Inc.  All rights reserved.
--> 
Parameter TMPDIR set to xst/projnav.tmp


Total REAL time to Xst completion: 0.00 secs
Total CPU time to Xst completion: 0.03 secs
 
--> 
Parameter xsthdpdir set to xst


Total REAL time to Xst completion: 0.00 secs
Total CPU time to Xst completion: 0.03 secs
 
--> 
Reading design: top.prj

TABLE OF CONTENTS
  1) Synthesis Options Summary
  2) HDL Compilation
  3) Design Hierarchy Analysis
  4) HDL Analysis
  5) HDL Synthesis
     5.1) HDL Synthesis Report
  6) Advanced HDL Synthesis
     6.1) Advanced HDL Synthesis Report
  7) Low Level Synthesis
  8) Partition Report
  9) Final Report
	9.1) Device utilization summary
	9.2) Partition Resource Summary
	9.3) TIMING REPORT


=========================================================================
*                      Synthesis Options Summary                        *
=========================================================================
---- Source Parameters
Input File Name                    : "top.prj"
Input Format                       : mixed
Ignore Synthesis Constraint File   : NO

---- Target Parameters
Output File Name                   : "top"
Output Format                      : NGC
Target Device                      : xc3s1200e-4-fg320

---- Source Options
Top Module Name                    : top
Automatic FSM Extraction           : YES
FSM Encoding Algorithm             : Auto
Safe Implementation                : No
FSM Style                          : LUT
RAM Extraction                     : Yes
RAM Style                          : Auto
ROM Extraction                     : Yes
Mux Style                          : Auto
Decoder Extraction                 : YES
Priority Encoder Extraction        : Yes
Shift Register Extraction          : YES
Logical Shifter Extraction         : YES
XOR Collapsing                     : YES
ROM Style                          : Auto
Mux Extraction                     : Yes
Resource Sharing                   : YES
Asynchronous To Synchronous        : NO
Multiplier Style                   : Auto
Automatic Register Balancing       : No

---- Target Options
Add IO Buffers                     : YES
Global Maximum Fanout              : 100000
Add Generic Clock Buffer(BUFG)     : 24
Register Duplication               : YES
Slice Packing                      : YES
Optimize Instantiated Primitives   : NO
Use Clock Enable                   : Yes
Use Synchronous Set                : Yes
Use Synchronous Reset              : Yes
Pack IO Registers into IOBs        : Auto
Equivalent register Removal        : YES

---- General Options
Optimization Goal                  : Speed
Optimization Effort                : 1
Keep Hierarchy                     : No
Netlist Hierarchy                  : As_Optimized
RTL Output                         : Yes
Global Optimization                : AllClockNets
Read Cores                         : YES
Write Timing Constraints           : NO
Cross Clock Analysis               : NO
Hierarchy Separator                : /
Bus Delimiter                      : <>
Case Specifier                     : Maintain
Slice Utilization Ratio            : 100
BRAM Utilization Ratio             : 100
Verilog 2001                       : YES
Auto BRAM Packing                  : NO
Slice Utilization Ratio Delta      : 5

---- Other Options
Cores Search Directories           : {"ipcore_dir"  }

=========================================================================


=========================================================================
*                          HDL Compilation                              *
=========================================================================
Compiling vhdl file "/home/user/_WORKSPACE_/kedziorno/kcpsm3_vga/p_package1.vhd" in Library work.
Architecture p_package1 of Entity p_package1 is up to date.
Compiling vhdl file "/home/user/_WORKSPACE_/kedziorno/kcpsm3_vga/vga_clock_25mhz.vhd" in Library work.
Architecture behavioral of Entity vga_clock_25mhz is up to date.
Compiling vhdl file "/home/user/_WORKSPACE_/kedziorno/kcpsm3_vga/vga_timing.vhd" in Library work.
Architecture industry_standard_640x480_timing of Entity vga_timing is up to date.
Compiling vhdl file "/home/user/_WORKSPACE_/kedziorno/kcpsm3_vga/vga_address_generator.vhd" in Library work.
Architecture behavioral of Entity vga_address_generator is up to date.
Compiling vhdl file "/home/user/_WORKSPACE_/kedziorno/kcpsm3_vga/vga_rgb.vhd" in Library work.
Architecture behavioral of Entity vga_rgb is up to date.
Compiling vhdl file "/home/user/_WORKSPACE_/kedziorno/kcpsm3_vga/kcpsm3.vhd" in Library work.
Architecture low_level_definition of Entity kcpsm3 is up to date.
Compiling vhdl file "/home/user/_WORKSPACE_/kedziorno/kcpsm3_vga/PROGRAM.VHD" in Library work.
Architecture low_level_definition of Entity program is up to date.
Compiling vhdl file "/home/user/_WORKSPACE_/kedziorno/kcpsm3_vga/kcpsm3_io_registers_decoder.vhd" in Library work.
Architecture behavioral of Entity kcpsm3_io_registers_decoder is up to date.
Compiling vhdl file "/home/user/_WORKSPACE_/kedziorno/kcpsm3_vga/ipcore_dir/ipcore_vga_ramb16_dp.vhd" in Library work.
Architecture ipcore_vga_ramb16_dp_a of Entity ipcore_vga_ramb16_dp is up to date.
Compiling vhdl file "/home/user/_WORKSPACE_/kedziorno/kcpsm3_vga/ps2_mouse.vhd" in Library work.
Architecture behavioral of Entity ps2_mouse is up to date.
Compiling vhdl file "/home/user/_WORKSPACE_/kedziorno/kcpsm3_vga/top.vhd" in Library work.
Entity <top> compiled.
Entity <top> (Architecture <behavioral>) compiled.

=========================================================================
*                     Design Hierarchy Analysis                         *
=========================================================================
Analyzing hierarchy for entity <top> in library <work> (architecture <behavioral>).

Analyzing hierarchy for entity <vga_clock_25mhz> in library <work> (architecture <behavioral>).

Analyzing hierarchy for entity <vga_timing> in library <work> (architecture <industry_standard_640x480_timing>).

Analyzing hierarchy for entity <vga_address_generator> in library <work> (architecture <behavioral>).

Analyzing hierarchy for entity <vga_rgb> in library <work> (architecture <behavioral>).

Analyzing hierarchy for entity <kcpsm3> in library <work> (architecture <low_level_definition>).

Analyzing hierarchy for entity <program> in library <work> (architecture <low_level_definition>).

Analyzing hierarchy for entity <kcpsm3_io_registers_decoder> in library <work> (architecture <behavioral>).

Analyzing hierarchy for entity <ps2_mouse> in library <work> (architecture <behavioral>).

WARNING:Xst:2591 - "/home/user/_WORKSPACE_/kedziorno/kcpsm3_vga/kcpsm3.vhd" line 289: attribute on instance <INIT> overrides generic/parameter on component. It is possible that simulator will not take this attribute into account.
WARNING:Xst:2591 - "/home/user/_WORKSPACE_/kedziorno/kcpsm3_vga/kcpsm3.vhd" line 1200: attribute on instance <INIT> overrides generic/parameter on component. It is possible that simulator will not take this attribute into account.
WARNING:Xst:2591 - "/home/user/_WORKSPACE_/kedziorno/kcpsm3_vga/kcpsm3.vhd" line 452: attribute on instance <INIT> overrides generic/parameter on component. It is possible that simulator will not take this attribute into account.
WARNING:Xst:2591 - "/home/user/_WORKSPACE_/kedziorno/kcpsm3_vga/kcpsm3.vhd" line 483: attribute on instance <INIT> overrides generic/parameter on component. It is possible that simulator will not take this attribute into account.
WARNING:Xst:2591 - "/home/user/_WORKSPACE_/kedziorno/kcpsm3_vga/kcpsm3.vhd" line 606: attribute on instance <INIT> overrides generic/parameter on component. It is possible that simulator will not take this attribute into account.
WARNING:Xst:2591 - "/home/user/_WORKSPACE_/kedziorno/kcpsm3_vga/kcpsm3.vhd" line 614: attribute on instance <INIT> overrides generic/parameter on component. It is possible that simulator will not take this attribute into account.
WARNING:Xst:2591 - "/home/user/_WORKSPACE_/kedziorno/kcpsm3_vga/kcpsm3.vhd" line 381: attribute on instance <INIT> overrides generic/parameter on component. It is possible that simulator will not take this attribute into account.
WARNING:Xst:2591 - "/home/user/_WORKSPACE_/kedziorno/kcpsm3_vga/kcpsm3.vhd" line 423: attribute on instance <INIT> overrides generic/parameter on component. It is possible that simulator will not take this attribute into account.
WARNING:Xst:2591 - "/home/user/_WORKSPACE_/kedziorno/kcpsm3_vga/kcpsm3.vhd" line 525: attribute on instance <INIT> overrides generic/parameter on component. It is possible that simulator will not take this attribute into account.
WARNING:Xst:2591 - "/home/user/_WORKSPACE_/kedziorno/kcpsm3_vga/kcpsm3.vhd" line 597: attribute on instance <INIT> overrides generic/parameter on component. It is possible that simulator will not take this attribute into account.
WARNING:Xst:2591 - "/home/user/_WORKSPACE_/kedziorno/kcpsm3_vga/kcpsm3.vhd" line 682: attribute on instance <INIT> overrides generic/parameter on component. It is possible that simulator will not take this attribute into account.
WARNING:Xst:2591 - "/home/user/_WORKSPACE_/kedziorno/kcpsm3_vga/kcpsm3.vhd" line 1109: attribute on instance <INIT> overrides generic/parameter on component. It is possible that simulator will not take this attribute into account.
WARNING:Xst:2591 - "/home/user/_WORKSPACE_/kedziorno/kcpsm3_vga/kcpsm3.vhd" line 1136: attribute on instance <INIT> overrides generic/parameter on component. It is possible that simulator will not take this attribute into account.
WARNING:Xst:2591 - "/home/user/_WORKSPACE_/kedziorno/kcpsm3_vga/kcpsm3.vhd" line 1220: attribute on instance <INIT> overrides generic/parameter on component. It is possible that simulator will not take this attribute into account.
WARNING:Xst:2591 - "/home/user/_WORKSPACE_/kedziorno/kcpsm3_vga/kcpsm3.vhd" line 1269: attribute on instance <INIT> overrides generic/parameter on component. It is possible that simulator will not take this attribute into account.
WARNING:Xst:2591 - "/home/user/_WORKSPACE_/kedziorno/kcpsm3_vga/kcpsm3.vhd" line 332: attribute on instance <INIT> overrides generic/parameter on component. It is possible that simulator will not take this attribute into account.
WARNING:Xst:2591 - "/home/user/_WORKSPACE_/kedziorno/kcpsm3_vga/kcpsm3.vhd" line 371: attribute on instance <INIT> overrides generic/parameter on component. It is possible that simulator will not take this attribute into account.
WARNING:Xst:2591 - "/home/user/_WORKSPACE_/kedziorno/kcpsm3_vga/kcpsm3.vhd" line 403: attribute on instance <INIT> overrides generic/parameter on component. It is possible that simulator will not take this attribute into account.
WARNING:Xst:2591 - "/home/user/_WORKSPACE_/kedziorno/kcpsm3_vga/kcpsm3.vhd" line 413: attribute on instance <INIT> overrides generic/parameter on component. It is possible that simulator will not take this attribute into account.
WARNING:Xst:2591 - "/home/user/_WORKSPACE_/kedziorno/kcpsm3_vga/kcpsm3.vhd" line 432: attribute on instance <INIT> overrides generic/parameter on component. It is possible that simulator will not take this attribute into account.
WARNING:Xst:2591 - "/home/user/_WORKSPACE_/kedziorno/kcpsm3_vga/kcpsm3.vhd" line 442: attribute on instance <INIT> overrides generic/parameter on component. It is possible that simulator will not take this attribute into account.
WARNING:Xst:2591 - "/home/user/_WORKSPACE_/kedziorno/kcpsm3_vga/kcpsm3.vhd" line 468: attribute on instance <INIT> overrides generic/parameter on component. It is possible that simulator will not take this attribute into account.
WARNING:Xst:2591 - "/home/user/_WORKSPACE_/kedziorno/kcpsm3_vga/kcpsm3.vhd" line 493: attribute on instance <INIT> overrides generic/parameter on component. It is possible that simulator will not take this attribute into account.
WARNING:Xst:2591 - "/home/user/_WORKSPACE_/kedziorno/kcpsm3_vga/kcpsm3.vhd" line 554: attribute on instance <INIT> overrides generic/parameter on component. It is possible that simulator will not take this attribute into account.
WARNING:Xst:2591 - "/home/user/_WORKSPACE_/kedziorno/kcpsm3_vga/kcpsm3.vhd" line 587: attribute on instance <INIT> overrides generic/parameter on component. It is possible that simulator will not take this attribute into account.
WARNING:Xst:2591 - "/home/user/_WORKSPACE_/kedziorno/kcpsm3_vga/kcpsm3.vhd" line 794: attribute on instance <INIT> overrides generic/parameter on component. It is possible that simulator will not take this attribute into account.
WARNING:Xst:2591 - "/home/user/_WORKSPACE_/kedziorno/kcpsm3_vga/kcpsm3.vhd" line 871: attribute on instance <INIT> overrides generic/parameter on component. It is possible that simulator will not take this attribute into account.
WARNING:Xst:2591 - "/home/user/_WORKSPACE_/kedziorno/kcpsm3_vga/kcpsm3.vhd" line 886: attribute on instance <INIT> overrides generic/parameter on component. It is possible that simulator will not take this attribute into account.
WARNING:Xst:2591 - "/home/user/_WORKSPACE_/kedziorno/kcpsm3_vga/kcpsm3.vhd" line 937: attribute on instance <INIT> overrides generic/parameter on component. It is possible that simulator will not take this attribute into account.
WARNING:Xst:2591 - "/home/user/_WORKSPACE_/kedziorno/kcpsm3_vga/kcpsm3.vhd" line 956: attribute on instance <INIT> overrides generic/parameter on component. It is possible that simulator will not take this attribute into account.
WARNING:Xst:2591 - "/home/user/_WORKSPACE_/kedziorno/kcpsm3_vga/kcpsm3.vhd" line 1244: attribute on instance <INIT> overrides generic/parameter on component. It is possible that simulator will not take this attribute into account.
WARNING:Xst:2591 - "/home/user/_WORKSPACE_/kedziorno/kcpsm3_vga/kcpsm3.vhd" line 1301: attribute on instance <INIT> overrides generic/parameter on component. It is possible that simulator will not take this attribute into account.
WARNING:Xst:2591 - "/home/user/_WORKSPACE_/kedziorno/kcpsm3_vga/kcpsm3.vhd" line 1311: attribute on instance <INIT> overrides generic/parameter on component. It is possible that simulator will not take this attribute into account.
WARNING:Xst:2591 - "/home/user/_WORKSPACE_/kedziorno/kcpsm3_vga/kcpsm3.vhd" line 1327: attribute on instance <INIT> overrides generic/parameter on component. It is possible that simulator will not take this attribute into account.
WARNING:Xst:2591 - "/home/user/_WORKSPACE_/kedziorno/kcpsm3_vga/kcpsm3.vhd" line 1415: attribute on instance <INIT> overrides generic/parameter on component. It is possible that simulator will not take this attribute into account.
WARNING:Xst:2591 - "/home/user/_WORKSPACE_/kedziorno/kcpsm3_vga/kcpsm3.vhd" line 1448: attribute on instance <INIT> overrides generic/parameter on component. It is possible that simulator will not take this attribute into account.
WARNING:Xst:2591 - "/home/user/_WORKSPACE_/kedziorno/kcpsm3_vga/kcpsm3.vhd" line 828: attribute on instance <INIT> overrides generic/parameter on component. It is possible that simulator will not take this attribute into account.
WARNING:Xst:2591 - "/home/user/_WORKSPACE_/kedziorno/kcpsm3_vga/kcpsm3.vhd" line 1368: attribute on instance <INIT> overrides generic/parameter on component. It is possible that simulator will not take this attribute into account.
WARNING:Xst:2591 - "/home/user/_WORKSPACE_/kedziorno/kcpsm3_vga/kcpsm3.vhd" line 906: attribute on instance <INIT> overrides generic/parameter on component. It is possible that simulator will not take this attribute into account.
WARNING:Xst:2591 - "/home/user/_WORKSPACE_/kedziorno/kcpsm3_vga/PROGRAM.VHD" line 181: attribute on instance <INITP_00> overrides generic/parameter on component. It is possible that simulator will not take this attribute into account.
WARNING:Xst:2591 - "/home/user/_WORKSPACE_/kedziorno/kcpsm3_vga/PROGRAM.VHD" line 181: attribute on instance <INITP_01> overrides generic/parameter on component. It is possible that simulator will not take this attribute into account.
WARNING:Xst:2591 - "/home/user/_WORKSPACE_/kedziorno/kcpsm3_vga/PROGRAM.VHD" line 181: attribute on instance <INITP_02> overrides generic/parameter on component. It is possible that simulator will not take this attribute into account.
WARNING:Xst:2591 - "/home/user/_WORKSPACE_/kedziorno/kcpsm3_vga/PROGRAM.VHD" line 181: attribute on instance <INITP_03> overrides generic/parameter on component. It is possible that simulator will not take this attribute into account.
WARNING:Xst:2591 - "/home/user/_WORKSPACE_/kedziorno/kcpsm3_vga/PROGRAM.VHD" line 181: attribute on instance <INITP_04> overrides generic/parameter on component. It is possible that simulator will not take this attribute into account.
WARNING:Xst:2591 - "/home/user/_WORKSPACE_/kedziorno/kcpsm3_vga/PROGRAM.VHD" line 181: attribute on instance <INITP_05> overrides generic/parameter on component. It is possible that simulator will not take this attribute into account.
WARNING:Xst:2591 - "/home/user/_WORKSPACE_/kedziorno/kcpsm3_vga/PROGRAM.VHD" line 181: attribute on instance <INITP_06> overrides generic/parameter on component. It is possible that simulator will not take this attribute into account.
WARNING:Xst:2591 - "/home/user/_WORKSPACE_/kedziorno/kcpsm3_vga/PROGRAM.VHD" line 181: attribute on instance <INITP_07> overrides generic/parameter on component. It is possible that simulator will not take this attribute into account.
WARNING:Xst:2591 - "/home/user/_WORKSPACE_/kedziorno/kcpsm3_vga/PROGRAM.VHD" line 181: attribute on instance <INIT_00> overrides generic/parameter on component. It is possible that simulator will not take this attribute into account.
WARNING:Xst:2591 - "/home/user/_WORKSPACE_/kedziorno/kcpsm3_vga/PROGRAM.VHD" line 181: attribute on instance <INIT_01> overrides generic/parameter on component. It is possible that simulator will not take this attribute into account.
WARNING:Xst:2591 - "/home/user/_WORKSPACE_/kedziorno/kcpsm3_vga/PROGRAM.VHD" line 181: attribute on instance <INIT_02> overrides generic/parameter on component. It is possible that simulator will not take this attribute into account.
WARNING:Xst:2591 - "/home/user/_WORKSPACE_/kedziorno/kcpsm3_vga/PROGRAM.VHD" line 181: attribute on instance <INIT_03> overrides generic/parameter on component. It is possible that simulator will not take this attribute into account.
WARNING:Xst:2591 - "/home/user/_WORKSPACE_/kedziorno/kcpsm3_vga/PROGRAM.VHD" line 181: attribute on instance <INIT_04> overrides generic/parameter on component. It is possible that simulator will not take this attribute into account.
WARNING:Xst:2591 - "/home/user/_WORKSPACE_/kedziorno/kcpsm3_vga/PROGRAM.VHD" line 181: attribute on instance <INIT_05> overrides generic/parameter on component. It is possible that simulator will not take this attribute into account.
WARNING:Xst:2591 - "/home/user/_WORKSPACE_/kedziorno/kcpsm3_vga/PROGRAM.VHD" line 181: attribute on instance <INIT_06> overrides generic/parameter on component. It is possible that simulator will not take this attribute into account.
WARNING:Xst:2591 - "/home/user/_WORKSPACE_/kedziorno/kcpsm3_vga/PROGRAM.VHD" line 181: attribute on instance <INIT_07> overrides generic/parameter on component. It is possible that simulator will not take this attribute into account.
WARNING:Xst:2591 - "/home/user/_WORKSPACE_/kedziorno/kcpsm3_vga/PROGRAM.VHD" line 181: attribute on instance <INIT_08> overrides generic/parameter on component. It is possible that simulator will not take this attribute into account.
WARNING:Xst:2591 - "/home/user/_WORKSPACE_/kedziorno/kcpsm3_vga/PROGRAM.VHD" line 181: attribute on instance <INIT_09> overrides generic/parameter on component. It is possible that simulator will not take this attribute into account.
WARNING:Xst:2591 - "/home/user/_WORKSPACE_/kedziorno/kcpsm3_vga/PROGRAM.VHD" line 181: attribute on instance <INIT_0A> overrides generic/parameter on component. It is possible that simulator will not take this attribute into account.
WARNING:Xst:2591 - "/home/user/_WORKSPACE_/kedziorno/kcpsm3_vga/PROGRAM.VHD" line 181: attribute on instance <INIT_0B> overrides generic/parameter on component. It is possible that simulator will not take this attribute into account.
WARNING:Xst:2591 - "/home/user/_WORKSPACE_/kedziorno/kcpsm3_vga/PROGRAM.VHD" line 181: attribute on instance <INIT_0C> overrides generic/parameter on component. It is possible that simulator will not take this attribute into account.
WARNING:Xst:2591 - "/home/user/_WORKSPACE_/kedziorno/kcpsm3_vga/PROGRAM.VHD" line 181: attribute on instance <INIT_0D> overrides generic/parameter on component. It is possible that simulator will not take this attribute into account.
WARNING:Xst:2591 - "/home/user/_WORKSPACE_/kedziorno/kcpsm3_vga/PROGRAM.VHD" line 181: attribute on instance <INIT_0E> overrides generic/parameter on component. It is possible that simulator will not take this attribute into account.
WARNING:Xst:2591 - "/home/user/_WORKSPACE_/kedziorno/kcpsm3_vga/PROGRAM.VHD" line 181: attribute on instance <INIT_0F> overrides generic/parameter on component. It is possible that simulator will not take this attribute into account.
WARNING:Xst:2591 - "/home/user/_WORKSPACE_/kedziorno/kcpsm3_vga/PROGRAM.VHD" line 181: attribute on instance <INIT_10> overrides generic/parameter on component. It is possible that simulator will not take this attribute into account.
WARNING:Xst:2591 - "/home/user/_WORKSPACE_/kedziorno/kcpsm3_vga/PROGRAM.VHD" line 181: attribute on instance <INIT_11> overrides generic/parameter on component. It is possible that simulator will not take this attribute into account.
WARNING:Xst:2591 - "/home/user/_WORKSPACE_/kedziorno/kcpsm3_vga/PROGRAM.VHD" line 181: attribute on instance <INIT_12> overrides generic/parameter on component. It is possible that simulator will not take this attribute into account.
WARNING:Xst:2591 - "/home/user/_WORKSPACE_/kedziorno/kcpsm3_vga/PROGRAM.VHD" line 181: attribute on instance <INIT_13> overrides generic/parameter on component. It is possible that simulator will not take this attribute into account.
WARNING:Xst:2591 - "/home/user/_WORKSPACE_/kedziorno/kcpsm3_vga/PROGRAM.VHD" line 181: attribute on instance <INIT_14> overrides generic/parameter on component. It is possible that simulator will not take this attribute into account.
WARNING:Xst:2591 - "/home/user/_WORKSPACE_/kedziorno/kcpsm3_vga/PROGRAM.VHD" line 181: attribute on instance <INIT_15> overrides generic/parameter on component. It is possible that simulator will not take this attribute into account.
WARNING:Xst:2591 - "/home/user/_WORKSPACE_/kedziorno/kcpsm3_vga/PROGRAM.VHD" line 181: attribute on instance <INIT_16> overrides generic/parameter on component. It is possible that simulator will not take this attribute into account.
WARNING:Xst:2591 - "/home/user/_WORKSPACE_/kedziorno/kcpsm3_vga/PROGRAM.VHD" line 181: attribute on instance <INIT_17> overrides generic/parameter on component. It is possible that simulator will not take this attribute into account.
WARNING:Xst:2591 - "/home/user/_WORKSPACE_/kedziorno/kcpsm3_vga/PROGRAM.VHD" line 181: attribute on instance <INIT_18> overrides generic/parameter on component. It is possible that simulator will not take this attribute into account.
WARNING:Xst:2591 - "/home/user/_WORKSPACE_/kedziorno/kcpsm3_vga/PROGRAM.VHD" line 181: attribute on instance <INIT_19> overrides generic/parameter on component. It is possible that simulator will not take this attribute into account.
WARNING:Xst:2591 - "/home/user/_WORKSPACE_/kedziorno/kcpsm3_vga/PROGRAM.VHD" line 181: attribute on instance <INIT_1A> overrides generic/parameter on component. It is possible that simulator will not take this attribute into account.
WARNING:Xst:2591 - "/home/user/_WORKSPACE_/kedziorno/kcpsm3_vga/PROGRAM.VHD" line 181: attribute on instance <INIT_1B> overrides generic/parameter on component. It is possible that simulator will not take this attribute into account.
WARNING:Xst:2591 - "/home/user/_WORKSPACE_/kedziorno/kcpsm3_vga/PROGRAM.VHD" line 181: attribute on instance <INIT_1C> overrides generic/parameter on component. It is possible that simulator will not take this attribute into account.
WARNING:Xst:2591 - "/home/user/_WORKSPACE_/kedziorno/kcpsm3_vga/PROGRAM.VHD" line 181: attribute on instance <INIT_1D> overrides generic/parameter on component. It is possible that simulator will not take this attribute into account.
WARNING:Xst:2591 - "/home/user/_WORKSPACE_/kedziorno/kcpsm3_vga/PROGRAM.VHD" line 181: attribute on instance <INIT_1E> overrides generic/parameter on component. It is possible that simulator will not take this attribute into account.
WARNING:Xst:2591 - "/home/user/_WORKSPACE_/kedziorno/kcpsm3_vga/PROGRAM.VHD" line 181: attribute on instance <INIT_1F> overrides generic/parameter on component. It is possible that simulator will not take this attribute into account.
WARNING:Xst:2591 - "/home/user/_WORKSPACE_/kedziorno/kcpsm3_vga/PROGRAM.VHD" line 181: attribute on instance <INIT_20> overrides generic/parameter on component. It is possible that simulator will not take this attribute into account.
WARNING:Xst:2591 - "/home/user/_WORKSPACE_/kedziorno/kcpsm3_vga/PROGRAM.VHD" line 181: attribute on instance <INIT_21> overrides generic/parameter on component. It is possible that simulator will not take this attribute into account.
WARNING:Xst:2591 - "/home/user/_WORKSPACE_/kedziorno/kcpsm3_vga/PROGRAM.VHD" line 181: attribute on instance <INIT_22> overrides generic/parameter on component. It is possible that simulator will not take this attribute into account.
WARNING:Xst:2591 - "/home/user/_WORKSPACE_/kedziorno/kcpsm3_vga/PROGRAM.VHD" line 181: attribute on instance <INIT_23> overrides generic/parameter on component. It is possible that simulator will not take this attribute into account.
WARNING:Xst:2591 - "/home/user/_WORKSPACE_/kedziorno/kcpsm3_vga/PROGRAM.VHD" line 181: attribute on instance <INIT_24> overrides generic/parameter on component. It is possible that simulator will not take this attribute into account.
WARNING:Xst:2591 - "/home/user/_WORKSPACE_/kedziorno/kcpsm3_vga/PROGRAM.VHD" line 181: attribute on instance <INIT_25> overrides generic/parameter on component. It is possible that simulator will not take this attribute into account.
WARNING:Xst:2591 - "/home/user/_WORKSPACE_/kedziorno/kcpsm3_vga/PROGRAM.VHD" line 181: attribute on instance <INIT_26> overrides generic/parameter on component. It is possible that simulator will not take this attribute into account.
WARNING:Xst:2591 - "/home/user/_WORKSPACE_/kedziorno/kcpsm3_vga/PROGRAM.VHD" line 181: attribute on instance <INIT_27> overrides generic/parameter on component. It is possible that simulator will not take this attribute into account.
WARNING:Xst:2591 - "/home/user/_WORKSPACE_/kedziorno/kcpsm3_vga/PROGRAM.VHD" line 181: attribute on instance <INIT_28> overrides generic/parameter on component. It is possible that simulator will not take this attribute into account.
WARNING:Xst:2591 - "/home/user/_WORKSPACE_/kedziorno/kcpsm3_vga/PROGRAM.VHD" line 181: attribute on instance <INIT_29> overrides generic/parameter on component. It is possible that simulator will not take this attribute into account.
WARNING:Xst:2591 - "/home/user/_WORKSPACE_/kedziorno/kcpsm3_vga/PROGRAM.VHD" line 181: attribute on instance <INIT_2A> overrides generic/parameter on component. It is possible that simulator will not take this attribute into account.
WARNING:Xst:2591 - "/home/user/_WORKSPACE_/kedziorno/kcpsm3_vga/PROGRAM.VHD" line 181: attribute on instance <INIT_2B> overrides generic/parameter on component. It is possible that simulator will not take this attribute into account.
WARNING:Xst:2591 - "/home/user/_WORKSPACE_/kedziorno/kcpsm3_vga/PROGRAM.VHD" line 181: attribute on instance <INIT_2C> overrides generic/parameter on component. It is possible that simulator will not take this attribute into account.
WARNING:Xst:2591 - "/home/user/_WORKSPACE_/kedziorno/kcpsm3_vga/PROGRAM.VHD" line 181: attribute on instance <INIT_2D> overrides generic/parameter on component. It is possible that simulator will not take this attribute into account.
WARNING:Xst:2591 - "/home/user/_WORKSPACE_/kedziorno/kcpsm3_vga/PROGRAM.VHD" line 181: attribute on instance <INIT_2E> overrides generic/parameter on component. It is possible that simulator will not take this attribute into account.
WARNING:Xst:2591 - "/home/user/_WORKSPACE_/kedziorno/kcpsm3_vga/PROGRAM.VHD" line 181: attribute on instance <INIT_2F> overrides generic/parameter on component. It is possible that simulator will not take this attribute into account.
WARNING:Xst:2591 - "/home/user/_WORKSPACE_/kedziorno/kcpsm3_vga/PROGRAM.VHD" line 181: attribute on instance <INIT_30> overrides generic/parameter on component. It is possible that simulator will not take this attribute into account.
WARNING:Xst:2591 - "/home/user/_WORKSPACE_/kedziorno/kcpsm3_vga/PROGRAM.VHD" line 181: attribute on instance <INIT_31> overrides generic/parameter on component. It is possible that simulator will not take this attribute into account.
WARNING:Xst:2591 - "/home/user/_WORKSPACE_/kedziorno/kcpsm3_vga/PROGRAM.VHD" line 181: attribute on instance <INIT_32> overrides generic/parameter on component. It is possible that simulator will not take this attribute into account.
WARNING:Xst:2591 - "/home/user/_WORKSPACE_/kedziorno/kcpsm3_vga/PROGRAM.VHD" line 181: attribute on instance <INIT_33> overrides generic/parameter on component. It is possible that simulator will not take this attribute into account.
WARNING:Xst:2591 - "/home/user/_WORKSPACE_/kedziorno/kcpsm3_vga/PROGRAM.VHD" line 181: attribute on instance <INIT_34> overrides generic/parameter on component. It is possible that simulator will not take this attribute into account.
WARNING:Xst:2591 - "/home/user/_WORKSPACE_/kedziorno/kcpsm3_vga/PROGRAM.VHD" line 181: attribute on instance <INIT_35> overrides generic/parameter on component. It is possible that simulator will not take this attribute into account.
WARNING:Xst:2591 - "/home/user/_WORKSPACE_/kedziorno/kcpsm3_vga/PROGRAM.VHD" line 181: attribute on instance <INIT_36> overrides generic/parameter on component. It is possible that simulator will not take this attribute into account.
WARNING:Xst:2591 - "/home/user/_WORKSPACE_/kedziorno/kcpsm3_vga/PROGRAM.VHD" line 181: attribute on instance <INIT_37> overrides generic/parameter on component. It is possible that simulator will not take this attribute into account.
WARNING:Xst:2591 - "/home/user/_WORKSPACE_/kedziorno/kcpsm3_vga/PROGRAM.VHD" line 181: attribute on instance <INIT_38> overrides generic/parameter on component. It is possible that simulator will not take this attribute into account.
WARNING:Xst:2591 - "/home/user/_WORKSPACE_/kedziorno/kcpsm3_vga/PROGRAM.VHD" line 181: attribute on instance <INIT_39> overrides generic/parameter on component. It is possible that simulator will not take this attribute into account.
WARNING:Xst:2591 - "/home/user/_WORKSPACE_/kedziorno/kcpsm3_vga/PROGRAM.VHD" line 181: attribute on instance <INIT_3A> overrides generic/parameter on component. It is possible that simulator will not take this attribute into account.
WARNING:Xst:2591 - "/home/user/_WORKSPACE_/kedziorno/kcpsm3_vga/PROGRAM.VHD" line 181: attribute on instance <INIT_3B> overrides generic/parameter on component. It is possible that simulator will not take this attribute into account.
WARNING:Xst:2591 - "/home/user/_WORKSPACE_/kedziorno/kcpsm3_vga/PROGRAM.VHD" line 181: attribute on instance <INIT_3C> overrides generic/parameter on component. It is possible that simulator will not take this attribute into account.
WARNING:Xst:2591 - "/home/user/_WORKSPACE_/kedziorno/kcpsm3_vga/PROGRAM.VHD" line 181: attribute on instance <INIT_3D> overrides generic/parameter on component. It is possible that simulator will not take this attribute into account.
WARNING:Xst:2591 - "/home/user/_WORKSPACE_/kedziorno/kcpsm3_vga/PROGRAM.VHD" line 181: attribute on instance <INIT_3E> overrides generic/parameter on component. It is possible that simulator will not take this attribute into account.
WARNING:Xst:2591 - "/home/user/_WORKSPACE_/kedziorno/kcpsm3_vga/PROGRAM.VHD" line 181: attribute on instance <INIT_3F> overrides generic/parameter on component. It is possible that simulator will not take this attribute into account.

=========================================================================
*                            HDL Analysis                               *
=========================================================================
Analyzing Entity <top> in library <work> (Architecture <behavioral>).
WARNING:Xst:753 - "/home/user/_WORKSPACE_/kedziorno/kcpsm3_vga/top.vhd" line 454: Unconnected output port 'o_test8' of component 'kcpsm3_io_registers_decoder'.
WARNING:Xst:753 - "/home/user/_WORKSPACE_/kedziorno/kcpsm3_vga/top.vhd" line 454: Unconnected output port 'o_test7' of component 'kcpsm3_io_registers_decoder'.
WARNING:Xst:753 - "/home/user/_WORKSPACE_/kedziorno/kcpsm3_vga/top.vhd" line 454: Unconnected output port 'o_test6' of component 'kcpsm3_io_registers_decoder'.
WARNING:Xst:753 - "/home/user/_WORKSPACE_/kedziorno/kcpsm3_vga/top.vhd" line 454: Unconnected output port 'o_test5' of component 'kcpsm3_io_registers_decoder'.
WARNING:Xst:753 - "/home/user/_WORKSPACE_/kedziorno/kcpsm3_vga/top.vhd" line 454: Unconnected output port 'o_test4' of component 'kcpsm3_io_registers_decoder'.
WARNING:Xst:2211 - "/home/user/_WORKSPACE_/kedziorno/kcpsm3_vga/top.vhd" line 476: Instantiating black box module <ipcore_vga_ramb16_dp>.
Entity <top> analyzed. Unit <top> generated.

Analyzing Entity <vga_clock_25mhz> in library <work> (Architecture <behavioral>).
Entity <vga_clock_25mhz> analyzed. Unit <vga_clock_25mhz> generated.

Analyzing Entity <vga_timing> in library <work> (Architecture <industry_standard_640x480_timing>).
Entity <vga_timing> analyzed. Unit <vga_timing> generated.

Analyzing Entity <vga_address_generator> in library <work> (Architecture <behavioral>).
WARNING:Xst:819 - "/home/user/_WORKSPACE_/kedziorno/kcpsm3_vga/vga_address_generator.vhd" line 80: One or more signals are missing in the process sensitivity list. To enable synthesis of FPGA/CPLD hardware, XST will assume that all necessary signals are present in the sensitivity list. Please note that the result of the synthesis may differ from the initial design specification. The missing signals are:
   <o_vga_address>
Entity <vga_address_generator> analyzed. Unit <vga_address_generator> generated.

Analyzing Entity <vga_rgb> in library <work> (Architecture <behavioral>).
Entity <vga_rgb> analyzed. Unit <vga_rgb> generated.

Analyzing Entity <kcpsm3> in library <work> (Architecture <low_level_definition>).
    Set user-defined property "INIT =  1" for instance <t_state_lut> in unit <kcpsm3>.
    Set user-defined property "INIT =  0" for instance <toggle_flop> in unit <kcpsm3>.
    Set user-defined property "INIT =  1" for instance <reset_flop1> in unit <kcpsm3>.
    Set user-defined property "INIT =  1" for instance <reset_flop2> in unit <kcpsm3>.
    Set user-defined property "INIT =  0" for instance <int_capture_flop> in unit <kcpsm3>.
    Set user-defined property "INIT =  0080" for instance <int_pulse_lut> in unit <kcpsm3>.
    Set user-defined property "INIT =  0" for instance <int_flop> in unit <kcpsm3>.
    Set user-defined property "INIT =  0" for instance <ack_flop> in unit <kcpsm3>.
    Set user-defined property "INIT =  0" for instance <shadow_carry_flop> in unit <kcpsm3>.
    Set user-defined property "INIT =  0" for instance <shadow_zero_flop> in unit <kcpsm3>.
    Set user-defined property "INIT =  EAAA" for instance <int_update_lut> in unit <kcpsm3>.
    Set user-defined property "INIT =  04" for instance <int_value_lut> in unit <kcpsm3>.
    Set user-defined property "INIT =  0" for instance <int_enable_flop> in unit <kcpsm3>.
    Set user-defined property "INIT =  7400" for instance <move_group_lut> in unit <kcpsm3>.
    Set user-defined property "INIT =  5A3C" for instance <condition_met_lut> in unit <kcpsm3>.
    Set user-defined property "INIT =  2F" for instance <normal_count_lut> in unit <kcpsm3>.
    Set user-defined property "INIT =  1000" for instance <call_type_lut> in unit <kcpsm3>.
    Set user-defined property "INIT =  5400" for instance <push_pop_lut> in unit <kcpsm3>.
    Set user-defined property "INIT =  D" for instance <valid_move_lut> in unit <kcpsm3>.
    Set user-defined property "INIT =  41FC" for instance <flag_type_lut> in unit <kcpsm3>.
    Set user-defined property "INIT =  0" for instance <flag_write_flop> in unit <kcpsm3>.
    Set user-defined property "INIT =  8" for instance <flag_enable_lut> in unit <kcpsm3>.
    Set user-defined property "INIT =  0001" for instance <low_zero_lut> in unit <kcpsm3>.
    Set user-defined property "INIT =  0001" for instance <high_zero_lut> in unit <kcpsm3>.
    Set user-defined property "INIT =  3F" for instance <sel_shadow_zero_lut> in unit <kcpsm3>.
    Set user-defined property "INIT =  0" for instance <zero_flag_flop> in unit <kcpsm3>.
    Set user-defined property "INIT =  6996" for instance <low_parity_lut> in unit <kcpsm3>.
    Set user-defined property "INIT =  6996" for instance <high_parity_lut> in unit <kcpsm3>.
    Set user-defined property "INIT =  F3FF" for instance <sel_parity_lut> in unit <kcpsm3>.
    Set user-defined property "INIT =  F3" for instance <sel_arith_carry_lut> in unit <kcpsm3>.
    Set user-defined property "INIT =  C" for instance <sel_shift_carry_lut> in unit <kcpsm3>.
    Set user-defined property "INIT =  3" for instance <sel_shadow_carry_lut> in unit <kcpsm3>.
    Set user-defined property "INIT =  0" for instance <carry_flag_flop> in unit <kcpsm3>.
    Set user-defined property "INIT =  E4" for instance <pc_loop[0].vector_select_mux> in unit <kcpsm3>.
    Set user-defined property "INIT =  E4" for instance <pc_loop[0].value_select_mux> in unit <kcpsm3>.
    Set user-defined property "INIT =  0" for instance <pc_loop[0].register_bit> in unit <kcpsm3>.
    Set user-defined property "INIT =  E4" for instance <pc_loop[1].vector_select_mux> in unit <kcpsm3>.
    Set user-defined property "INIT =  E4" for instance <pc_loop[1].value_select_mux> in unit <kcpsm3>.
    Set user-defined property "INIT =  0" for instance <pc_loop[1].register_bit> in unit <kcpsm3>.
    Set user-defined property "INIT =  E4" for instance <pc_loop[2].vector_select_mux> in unit <kcpsm3>.
    Set user-defined property "INIT =  E4" for instance <pc_loop[2].value_select_mux> in unit <kcpsm3>.
    Set user-defined property "INIT =  0" for instance <pc_loop[2].register_bit> in unit <kcpsm3>.
    Set user-defined property "INIT =  E4" for instance <pc_loop[3].vector_select_mux> in unit <kcpsm3>.
    Set user-defined property "INIT =  E4" for instance <pc_loop[3].value_select_mux> in unit <kcpsm3>.
    Set user-defined property "INIT =  0" for instance <pc_loop[3].register_bit> in unit <kcpsm3>.
    Set user-defined property "INIT =  E4" for instance <pc_loop[4].vector_select_mux> in unit <kcpsm3>.
    Set user-defined property "INIT =  E4" for instance <pc_loop[4].value_select_mux> in unit <kcpsm3>.
    Set user-defined property "INIT =  0" for instance <pc_loop[4].register_bit> in unit <kcpsm3>.
    Set user-defined property "INIT =  E4" for instance <pc_loop[5].vector_select_mux> in unit <kcpsm3>.
    Set user-defined property "INIT =  E4" for instance <pc_loop[5].value_select_mux> in unit <kcpsm3>.
    Set user-defined property "INIT =  0" for instance <pc_loop[5].register_bit> in unit <kcpsm3>.
    Set user-defined property "INIT =  E4" for instance <pc_loop[6].vector_select_mux> in unit <kcpsm3>.
    Set user-defined property "INIT =  E4" for instance <pc_loop[6].value_select_mux> in unit <kcpsm3>.
    Set user-defined property "INIT =  0" for instance <pc_loop[6].register_bit> in unit <kcpsm3>.
    Set user-defined property "INIT =  E4" for instance <pc_loop[7].vector_select_mux> in unit <kcpsm3>.
    Set user-defined property "INIT =  E4" for instance <pc_loop[7].value_select_mux> in unit <kcpsm3>.
    Set user-defined property "INIT =  0" for instance <pc_loop[7].register_bit> in unit <kcpsm3>.
    Set user-defined property "INIT =  E4" for instance <pc_loop[8].vector_select_mux> in unit <kcpsm3>.
    Set user-defined property "INIT =  E4" for instance <pc_loop[8].value_select_mux> in unit <kcpsm3>.
    Set user-defined property "INIT =  0" for instance <pc_loop[8].register_bit> in unit <kcpsm3>.
    Set user-defined property "INIT =  E4" for instance <pc_loop[9].vector_select_mux> in unit <kcpsm3>.
    Set user-defined property "INIT =  E4" for instance <pc_loop[9].value_select_mux> in unit <kcpsm3>.
    Set user-defined property "INIT =  0" for instance <pc_loop[9].register_bit> in unit <kcpsm3>.
    Set user-defined property "INIT =  0145" for instance <register_type_lut> in unit <kcpsm3>.
    Set user-defined property "INIT =  0" for instance <register_write_flop> in unit <kcpsm3>.
    Set user-defined property "INIT =  8" for instance <register_enable_lut> in unit <kcpsm3>.
    Set user-defined property "INIT =  0000" for instance <reg_loop[0].register_bit> in unit <kcpsm3>.
    Set user-defined property "INIT =  E4" for instance <reg_loop[0].operand_select_mux> in unit <kcpsm3>.
    Set user-defined property "INIT =  0000" for instance <reg_loop[1].register_bit> in unit <kcpsm3>.
    Set user-defined property "INIT =  E4" for instance <reg_loop[1].operand_select_mux> in unit <kcpsm3>.
    Set user-defined property "INIT =  0000" for instance <reg_loop[2].register_bit> in unit <kcpsm3>.
    Set user-defined property "INIT =  E4" for instance <reg_loop[2].operand_select_mux> in unit <kcpsm3>.
    Set user-defined property "INIT =  0000" for instance <reg_loop[3].register_bit> in unit <kcpsm3>.
    Set user-defined property "INIT =  E4" for instance <reg_loop[3].operand_select_mux> in unit <kcpsm3>.
    Set user-defined property "INIT =  0000" for instance <reg_loop[4].register_bit> in unit <kcpsm3>.
    Set user-defined property "INIT =  E4" for instance <reg_loop[4].operand_select_mux> in unit <kcpsm3>.
    Set user-defined property "INIT =  0000" for instance <reg_loop[5].register_bit> in unit <kcpsm3>.
    Set user-defined property "INIT =  E4" for instance <reg_loop[5].operand_select_mux> in unit <kcpsm3>.
    Set user-defined property "INIT =  0000" for instance <reg_loop[6].register_bit> in unit <kcpsm3>.
    Set user-defined property "INIT =  E4" for instance <reg_loop[6].operand_select_mux> in unit <kcpsm3>.
    Set user-defined property "INIT =  0000" for instance <reg_loop[7].register_bit> in unit <kcpsm3>.
    Set user-defined property "INIT =  E4" for instance <reg_loop[7].operand_select_mux> in unit <kcpsm3>.
    Set user-defined property "INIT =  0400" for instance <memory_type_lut> in unit <kcpsm3>.
    Set user-defined property "INIT =  0" for instance <memory_write_flop> in unit <kcpsm3>.
    Set user-defined property "INIT =  8000" for instance <memory_enable_lut> in unit <kcpsm3>.
    Set user-defined property "INIT =  0000000000000000" for instance <store_loop[0].memory_bit> in unit <kcpsm3>.
    Set user-defined property "INIT =  0" for instance <store_loop[0].store_flop> in unit <kcpsm3>.
    Set user-defined property "INIT =  0000000000000000" for instance <store_loop[1].memory_bit> in unit <kcpsm3>.
    Set user-defined property "INIT =  0" for instance <store_loop[1].store_flop> in unit <kcpsm3>.
    Set user-defined property "INIT =  0000000000000000" for instance <store_loop[2].memory_bit> in unit <kcpsm3>.
    Set user-defined property "INIT =  0" for instance <store_loop[2].store_flop> in unit <kcpsm3>.
    Set user-defined property "INIT =  0000000000000000" for instance <store_loop[3].memory_bit> in unit <kcpsm3>.
    Set user-defined property "INIT =  0" for instance <store_loop[3].store_flop> in unit <kcpsm3>.
    Set user-defined property "INIT =  0000000000000000" for instance <store_loop[4].memory_bit> in unit <kcpsm3>.
    Set user-defined property "INIT =  0" for instance <store_loop[4].store_flop> in unit <kcpsm3>.
    Set user-defined property "INIT =  0000000000000000" for instance <store_loop[5].memory_bit> in unit <kcpsm3>.
    Set user-defined property "INIT =  0" for instance <store_loop[5].store_flop> in unit <kcpsm3>.
    Set user-defined property "INIT =  0000000000000000" for instance <store_loop[6].memory_bit> in unit <kcpsm3>.
    Set user-defined property "INIT =  0" for instance <store_loop[6].store_flop> in unit <kcpsm3>.
    Set user-defined property "INIT =  0000000000000000" for instance <store_loop[7].memory_bit> in unit <kcpsm3>.
    Set user-defined property "INIT =  0" for instance <store_loop[7].store_flop> in unit <kcpsm3>.
    Set user-defined property "INIT =  FFE2" for instance <sel_logical_lut> in unit <kcpsm3>.
    Set user-defined property "INIT =  6E8A" for instance <logical_loop[0].logical_lut> in unit <kcpsm3>.
    Set user-defined property "INIT =  0" for instance <logical_loop[0].logical_flop> in unit <kcpsm3>.
    Set user-defined property "INIT =  6E8A" for instance <logical_loop[1].logical_lut> in unit <kcpsm3>.
    Set user-defined property "INIT =  0" for instance <logical_loop[1].logical_flop> in unit <kcpsm3>.
    Set user-defined property "INIT =  6E8A" for instance <logical_loop[2].logical_lut> in unit <kcpsm3>.
    Set user-defined property "INIT =  0" for instance <logical_loop[2].logical_flop> in unit <kcpsm3>.
    Set user-defined property "INIT =  6E8A" for instance <logical_loop[3].logical_lut> in unit <kcpsm3>.
    Set user-defined property "INIT =  0" for instance <logical_loop[3].logical_flop> in unit <kcpsm3>.
    Set user-defined property "INIT =  6E8A" for instance <logical_loop[4].logical_lut> in unit <kcpsm3>.
    Set user-defined property "INIT =  0" for instance <logical_loop[4].logical_flop> in unit <kcpsm3>.
    Set user-defined property "INIT =  6E8A" for instance <logical_loop[5].logical_lut> in unit <kcpsm3>.
    Set user-defined property "INIT =  0" for instance <logical_loop[5].logical_flop> in unit <kcpsm3>.
    Set user-defined property "INIT =  6E8A" for instance <logical_loop[6].logical_lut> in unit <kcpsm3>.
    Set user-defined property "INIT =  0" for instance <logical_loop[6].logical_flop> in unit <kcpsm3>.
    Set user-defined property "INIT =  6E8A" for instance <logical_loop[7].logical_lut> in unit <kcpsm3>.
    Set user-defined property "INIT =  0" for instance <logical_loop[7].logical_flop> in unit <kcpsm3>.
    Set user-defined property "INIT =  E4" for instance <high_shift_in_lut> in unit <kcpsm3>.
    Set user-defined property "INIT =  E4" for instance <low_shift_in_lut> in unit <kcpsm3>.
    Set user-defined property "INIT =  E4" for instance <shift_carry_lut> in unit <kcpsm3>.
    Set user-defined property "INIT =  0" for instance <pipeline_bit> in unit <kcpsm3>.
    Set user-defined property "INIT =  E4" for instance <shift_loop[0].lsb_shift.shift_mux_lut> in unit <kcpsm3>.
    Set user-defined property "INIT =  0" for instance <shift_loop[0].shift_flop> in unit <kcpsm3>.
    Set user-defined property "INIT =  E4" for instance <shift_loop[1].mid_shift.shift_mux_lut> in unit <kcpsm3>.
    Set user-defined property "INIT =  0" for instance <shift_loop[1].shift_flop> in unit <kcpsm3>.
    Set user-defined property "INIT =  E4" for instance <shift_loop[2].mid_shift.shift_mux_lut> in unit <kcpsm3>.
    Set user-defined property "INIT =  0" for instance <shift_loop[2].shift_flop> in unit <kcpsm3>.
    Set user-defined property "INIT =  E4" for instance <shift_loop[3].mid_shift.shift_mux_lut> in unit <kcpsm3>.
    Set user-defined property "INIT =  0" for instance <shift_loop[3].shift_flop> in unit <kcpsm3>.
    Set user-defined property "INIT =  E4" for instance <shift_loop[4].mid_shift.shift_mux_lut> in unit <kcpsm3>.
    Set user-defined property "INIT =  0" for instance <shift_loop[4].shift_flop> in unit <kcpsm3>.
    Set user-defined property "INIT =  E4" for instance <shift_loop[5].mid_shift.shift_mux_lut> in unit <kcpsm3>.
    Set user-defined property "INIT =  0" for instance <shift_loop[5].shift_flop> in unit <kcpsm3>.
    Set user-defined property "INIT =  E4" for instance <shift_loop[6].mid_shift.shift_mux_lut> in unit <kcpsm3>.
    Set user-defined property "INIT =  0" for instance <shift_loop[6].shift_flop> in unit <kcpsm3>.
    Set user-defined property "INIT =  E4" for instance <shift_loop[7].msb_shift.shift_mux_lut> in unit <kcpsm3>.
    Set user-defined property "INIT =  0" for instance <shift_loop[7].shift_flop> in unit <kcpsm3>.
    Set user-defined property "INIT =  1F" for instance <sel_arith_lut> in unit <kcpsm3>.
    Set user-defined property "INIT =  6C" for instance <arith_loop[0].lsb_arith.arith_carry_in_lut> in unit <kcpsm3>.
    Set user-defined property "INIT =  96" for instance <arith_loop[0].arith_lut> in unit <kcpsm3>.
    Set user-defined property "INIT =  0" for instance <arith_loop[0].arith_flop> in unit <kcpsm3>.
    Set user-defined property "INIT =  96" for instance <arith_loop[1].arith_lut> in unit <kcpsm3>.
    Set user-defined property "INIT =  0" for instance <arith_loop[1].arith_flop> in unit <kcpsm3>.
    Set user-defined property "INIT =  96" for instance <arith_loop[2].arith_lut> in unit <kcpsm3>.
    Set user-defined property "INIT =  0" for instance <arith_loop[2].arith_flop> in unit <kcpsm3>.
    Set user-defined property "INIT =  96" for instance <arith_loop[3].arith_lut> in unit <kcpsm3>.
    Set user-defined property "INIT =  0" for instance <arith_loop[3].arith_flop> in unit <kcpsm3>.
    Set user-defined property "INIT =  96" for instance <arith_loop[4].arith_lut> in unit <kcpsm3>.
    Set user-defined property "INIT =  0" for instance <arith_loop[4].arith_flop> in unit <kcpsm3>.
    Set user-defined property "INIT =  96" for instance <arith_loop[5].arith_lut> in unit <kcpsm3>.
    Set user-defined property "INIT =  0" for instance <arith_loop[5].arith_flop> in unit <kcpsm3>.
    Set user-defined property "INIT =  96" for instance <arith_loop[6].arith_lut> in unit <kcpsm3>.
    Set user-defined property "INIT =  0" for instance <arith_loop[6].arith_flop> in unit <kcpsm3>.
WARNING:Xst:1961 - The length of the hex value for the attribute INIT on instance arith_loop[7].msb_arith.arith_carry_out_lut should be 2 bits long. The current value set is 4 bits long.  Value has been truncated
    Set user-defined property "INIT =  2" for instance <arith_loop[7].msb_arith.arith_carry_out_lut> in unit <kcpsm3>.
    Set user-defined property "INIT =  0" for instance <arith_loop[7].msb_arith.arith_carry_flop> in unit <kcpsm3>.
    Set user-defined property "INIT =  96" for instance <arith_loop[7].arith_lut> in unit <kcpsm3>.
    Set user-defined property "INIT =  0" for instance <arith_loop[7].arith_flop> in unit <kcpsm3>.
    Set user-defined property "INIT =  0002" for instance <input_fetch_type_lut> in unit <kcpsm3>.
    Set user-defined property "INIT =  0" for instance <sel_group_flop> in unit <kcpsm3>.
    Set user-defined property "INIT =  FE" for instance <alu_mux_loop[0].or_lut> in unit <kcpsm3>.
    Set user-defined property "INIT =  E4" for instance <alu_mux_loop[0].mux_lut> in unit <kcpsm3>.
    Set user-defined property "INIT =  FE" for instance <alu_mux_loop[1].or_lut> in unit <kcpsm3>.
    Set user-defined property "INIT =  E4" for instance <alu_mux_loop[1].mux_lut> in unit <kcpsm3>.
    Set user-defined property "INIT =  FE" for instance <alu_mux_loop[2].or_lut> in unit <kcpsm3>.
    Set user-defined property "INIT =  E4" for instance <alu_mux_loop[2].mux_lut> in unit <kcpsm3>.
    Set user-defined property "INIT =  FE" for instance <alu_mux_loop[3].or_lut> in unit <kcpsm3>.
    Set user-defined property "INIT =  E4" for instance <alu_mux_loop[3].mux_lut> in unit <kcpsm3>.
    Set user-defined property "INIT =  FE" for instance <alu_mux_loop[4].or_lut> in unit <kcpsm3>.
    Set user-defined property "INIT =  E4" for instance <alu_mux_loop[4].mux_lut> in unit <kcpsm3>.
    Set user-defined property "INIT =  FE" for instance <alu_mux_loop[5].or_lut> in unit <kcpsm3>.
    Set user-defined property "INIT =  E4" for instance <alu_mux_loop[5].mux_lut> in unit <kcpsm3>.
    Set user-defined property "INIT =  FE" for instance <alu_mux_loop[6].or_lut> in unit <kcpsm3>.
    Set user-defined property "INIT =  E4" for instance <alu_mux_loop[6].mux_lut> in unit <kcpsm3>.
    Set user-defined property "INIT =  FE" for instance <alu_mux_loop[7].or_lut> in unit <kcpsm3>.
    Set user-defined property "INIT =  E4" for instance <alu_mux_loop[7].mux_lut> in unit <kcpsm3>.
    Set user-defined property "INIT =  0010" for instance <io_decode_lut> in unit <kcpsm3>.
    Set user-defined property "INIT =  4000" for instance <write_active_lut> in unit <kcpsm3>.
    Set user-defined property "INIT =  0" for instance <write_strobe_flop> in unit <kcpsm3>.
    Set user-defined property "INIT =  0100" for instance <read_active_lut> in unit <kcpsm3>.
    Set user-defined property "INIT =  0" for instance <read_strobe_flop> in unit <kcpsm3>.
    Set user-defined property "INIT =  00000000" for instance <stack_ram_loop[0].stack_bit> in unit <kcpsm3>.
    Set user-defined property "INIT =  0" for instance <stack_ram_loop[0].stack_flop> in unit <kcpsm3>.
    Set user-defined property "INIT =  00000000" for instance <stack_ram_loop[1].stack_bit> in unit <kcpsm3>.
    Set user-defined property "INIT =  0" for instance <stack_ram_loop[1].stack_flop> in unit <kcpsm3>.
    Set user-defined property "INIT =  00000000" for instance <stack_ram_loop[2].stack_bit> in unit <kcpsm3>.
    Set user-defined property "INIT =  0" for instance <stack_ram_loop[2].stack_flop> in unit <kcpsm3>.
    Set user-defined property "INIT =  00000000" for instance <stack_ram_loop[3].stack_bit> in unit <kcpsm3>.
    Set user-defined property "INIT =  0" for instance <stack_ram_loop[3].stack_flop> in unit <kcpsm3>.
    Set user-defined property "INIT =  00000000" for instance <stack_ram_loop[4].stack_bit> in unit <kcpsm3>.
    Set user-defined property "INIT =  0" for instance <stack_ram_loop[4].stack_flop> in unit <kcpsm3>.
    Set user-defined property "INIT =  00000000" for instance <stack_ram_loop[5].stack_bit> in unit <kcpsm3>.
    Set user-defined property "INIT =  0" for instance <stack_ram_loop[5].stack_flop> in unit <kcpsm3>.
    Set user-defined property "INIT =  00000000" for instance <stack_ram_loop[6].stack_bit> in unit <kcpsm3>.
    Set user-defined property "INIT =  0" for instance <stack_ram_loop[6].stack_flop> in unit <kcpsm3>.
    Set user-defined property "INIT =  00000000" for instance <stack_ram_loop[7].stack_bit> in unit <kcpsm3>.
    Set user-defined property "INIT =  0" for instance <stack_ram_loop[7].stack_flop> in unit <kcpsm3>.
    Set user-defined property "INIT =  00000000" for instance <stack_ram_loop[8].stack_bit> in unit <kcpsm3>.
    Set user-defined property "INIT =  0" for instance <stack_ram_loop[8].stack_flop> in unit <kcpsm3>.
    Set user-defined property "INIT =  00000000" for instance <stack_ram_loop[9].stack_bit> in unit <kcpsm3>.
    Set user-defined property "INIT =  0" for instance <stack_ram_loop[9].stack_flop> in unit <kcpsm3>.
    Set user-defined property "INIT =  0" for instance <stack_count_loop[0].register_bit> in unit <kcpsm3>.
    Set user-defined property "INIT =  6555" for instance <stack_count_loop[0].lsb_stack_count.count_lut> in unit <kcpsm3>.
    Set user-defined property "INIT =  0" for instance <stack_count_loop[1].register_bit> in unit <kcpsm3>.
    Set user-defined property "INIT =  A999" for instance <stack_count_loop[1].mid_stack_count.count_lut> in unit <kcpsm3>.
    Set user-defined property "INIT =  0" for instance <stack_count_loop[2].register_bit> in unit <kcpsm3>.
    Set user-defined property "INIT =  A999" for instance <stack_count_loop[2].mid_stack_count.count_lut> in unit <kcpsm3>.
    Set user-defined property "INIT =  0" for instance <stack_count_loop[3].register_bit> in unit <kcpsm3>.
    Set user-defined property "INIT =  A999" for instance <stack_count_loop[3].mid_stack_count.count_lut> in unit <kcpsm3>.
    Set user-defined property "INIT =  0" for instance <stack_count_loop[4].register_bit> in unit <kcpsm3>.
    Set user-defined property "INIT =  A999" for instance <stack_count_loop[4].msb_stack_count.count_lut> in unit <kcpsm3>.
Entity <kcpsm3> analyzed. Unit <kcpsm3> generated.

Analyzing Entity <program> in library <work> (Architecture <low_level_definition>).
    Set user-defined property "INIT =  00000" for instance <ram_1024_x_18> in unit <program>.
    Set user-defined property "INITP_00 =  A388AC028F700E22B00A3DC038888A3DC02234F4989A008888A508888888888F" for instance <ram_1024_x_18> in unit <program>.
    Set user-defined property "INITP_01 =  6A22390F4E4243D390F4E222169409090E9409090D082DB42DB4369090E22B00" for instance <ram_1024_x_18> in unit <program>.
    Set user-defined property "INITP_02 =  CCCCCCCCCFDFDFDFDB55D50096003A9D02AB00C030000AC2B0AC2B000E2226A2" for instance <ram_1024_x_18> in unit <program>.
    Set user-defined property "INITP_03 =  0000000000000000000000000000000000000000000000E2238CCFDFD9655956" for instance <ram_1024_x_18> in unit <program>.
    Set user-defined property "INITP_04 =  0000000000000000000000000000000000000000000000000000000000000000" for instance <ram_1024_x_18> in unit <program>.
    Set user-defined property "INITP_05 =  0000000000000000000000000000000000000000000000000000000000000000" for instance <ram_1024_x_18> in unit <program>.
    Set user-defined property "INITP_06 =  0000000000000000000000000000000000000000000000000000000000000000" for instance <ram_1024_x_18> in unit <program>.
    Set user-defined property "INITP_07 =  C000000000000000000000000000000000000000000000000000000000000000" for instance <ram_1024_x_18> in unit <program>.
    Set user-defined property "INIT_00 =  E0190001E0180001E0170003E0160005E015000AE0140013E01300204001C001" for instance <ram_1024_x_18> in unit <program>.
    Set user-defined property "INIT_01 =  E9390900E937094DE010000E8001D0100113001AEE3D0E00EE3E0E00E01A0000" for instance <ram_1024_x_18> in unit <program>.
    Set user-defined property "INIT_02 =  EE3EAE00CE036E3EEE3D8E01C903CE036E3D0B130A080900E9350900E9330900" for instance <ram_1024_x_18> in unit <program>.
    Set user-defined property "INIT_03 =  018E005A0100623D633EEF086F3EEF096F3D519C4201623E403750344268623D" for instance <ram_1024_x_18> in unit <program>.
    Set user-defined property "INIT_04 =  633E4095CE086E08CE076E09EF086F3EEF096F3DC004E0240001404F50434401" for instance <ram_1024_x_18> in unit <program>.
    Set user-defined property "INIT_05 =  E108014D00B40100623D633EC004E0240002406650574401018E00B40100623D" for instance <ram_1024_x_18> in unit <program>.
    Set user-defined property "INIT_06 =  E0240003407D506E4401018E000E0101623D633E4095CE086E08CE076E09E009" for instance <ram_1024_x_18> in unit <program>.
    Set user-defined property "INIT_07 =  C004E02400044095CE086E08CE076E09E009E108014D603D613E02B40300C004" for instance <ram_1024_x_18> in unit <program>.
    Set user-defined property "INIT_08 =  EF098F01EFFF6F094095CE086E08CE076E09E009E108014D603D613E020E0301" for instance <ram_1024_x_18> in unit <program>.
    Set user-defined property "INIT_09 =  6139E133549BC301010A509E43001390613750D859A0A000EF088F01EFFF6F08" for instance <ram_1024_x_18> in unit <program>.
    Set user-defined property "INIT_0A =  6435603750BE4480A4806408EF3B7F1011B0E13554A3C301010A50A643001390" for instance <ram_1024_x_18> in unit <program>.
    Set user-defined property "INIT_0B =  6435603740CDE108E009E100D020623B61086009E039904064336039E037D040" for instance <ram_1024_x_18> in unit <program>.
    Set user-defined property "INIT_0C =  6E098B018901E108E009A1009020623B61086009E039D04064336039E0379040" for instance <ram_1024_x_18> in unit <program>.
    Set user-defined property "INIT_0D =  E0378001E0FF603740E150DC400260244095C0066039C0056037CE036E08CE03" for instance <ram_1024_x_18> in unit <program>.
    Set user-defined property "INIT_0E =  4004602440F7E0398001E0FF6039E0378001E0FF603740EE50E54003602440F7" for instance <ram_1024_x_18> in unit <program>.
    Set user-defined property "INIT_0F =  8028000A000AC001600DE00D6039E00B603740F7E0398001E0FF603940F750F2" for instance <ram_1024_x_18> in unit <program>.
    Set user-defined property "INIT_10 =  15101400401CC020003FC0176023C0166022E0238028000A000AC002600BE022" for instance <ram_1024_x_18> in unit <program>.
    Set user-defined property "INIT_11 =  E105013A10501160E002E103013A10401170E000E101013A1040116017301620" for instance <ram_1024_x_18> in unit <program>.
    Set user-defined property "INIT_12 =  0700018600006104620503000400650266030700E006E107013A10501170E004" for instance <ram_1024_x_18> in unit <program>.
    Set user-defined property "INIT_13 =  040003000201E43DE33EE23FA000018604000500660667070186640065010600" for instance <ram_1024_x_18> in unit <program>.
    Set user-defined property "INIT_14 =  A000F130D020A000643D633E623F104011305540020604080308931051433020" for instance <ram_1024_x_18> in unit <program>.
    Set user-defined property "INIT_15 =  59785730A0004154A7008601F510D400595D5510E10054000600070014201530" for instance <ram_1024_x_18> in unit <program>.
    Set user-defined property "INIT_16 =  418008024172516E597054004176516A59745510417E5166597C5620417A5162" for instance <ram_1024_x_18> in unit <program>.
    Set user-defined property "INIT_17 =  4180080441800801418008044180080141800804418008014180080441800801" for instance <ram_1024_x_18> in unit <program>.
    Set user-defined property "INIT_18 =  59965310A000B1309020A000B370B260B1509040A000F370F260F150D040A000" for instance <ram_1024_x_18> in unit <program>.
    Set user-defined property "INIT_19 =  4022C0164021419CA0000404419B0402419B04014198559A59965200419A5192" for instance <ram_1024_x_18> in unit <program>.
    Set user-defined property "INIT_1A =  0000000000000000000000000000000000000000000000008001C020003FC017" for instance <ram_1024_x_18> in unit <program>.
    Set user-defined property "INIT_1B =  0000000000000000000000000000000000000000000000000000000000000000" for instance <ram_1024_x_18> in unit <program>.
    Set user-defined property "INIT_1C =  0000000000000000000000000000000000000000000000000000000000000000" for instance <ram_1024_x_18> in unit <program>.
    Set user-defined property "INIT_1D =  0000000000000000000000000000000000000000000000000000000000000000" for instance <ram_1024_x_18> in unit <program>.
    Set user-defined property "INIT_1E =  0000000000000000000000000000000000000000000000000000000000000000" for instance <ram_1024_x_18> in unit <program>.
    Set user-defined property "INIT_1F =  0000000000000000000000000000000000000000000000000000000000000000" for instance <ram_1024_x_18> in unit <program>.
    Set user-defined property "INIT_20 =  0000000000000000000000000000000000000000000000000000000000000000" for instance <ram_1024_x_18> in unit <program>.
    Set user-defined property "INIT_21 =  0000000000000000000000000000000000000000000000000000000000000000" for instance <ram_1024_x_18> in unit <program>.
    Set user-defined property "INIT_22 =  0000000000000000000000000000000000000000000000000000000000000000" for instance <ram_1024_x_18> in unit <program>.
    Set user-defined property "INIT_23 =  0000000000000000000000000000000000000000000000000000000000000000" for instance <ram_1024_x_18> in unit <program>.
    Set user-defined property "INIT_24 =  0000000000000000000000000000000000000000000000000000000000000000" for instance <ram_1024_x_18> in unit <program>.
    Set user-defined property "INIT_25 =  0000000000000000000000000000000000000000000000000000000000000000" for instance <ram_1024_x_18> in unit <program>.
    Set user-defined property "INIT_26 =  0000000000000000000000000000000000000000000000000000000000000000" for instance <ram_1024_x_18> in unit <program>.
    Set user-defined property "INIT_27 =  0000000000000000000000000000000000000000000000000000000000000000" for instance <ram_1024_x_18> in unit <program>.
    Set user-defined property "INIT_28 =  0000000000000000000000000000000000000000000000000000000000000000" for instance <ram_1024_x_18> in unit <program>.
    Set user-defined property "INIT_29 =  0000000000000000000000000000000000000000000000000000000000000000" for instance <ram_1024_x_18> in unit <program>.
    Set user-defined property "INIT_2A =  0000000000000000000000000000000000000000000000000000000000000000" for instance <ram_1024_x_18> in unit <program>.
    Set user-defined property "INIT_2B =  0000000000000000000000000000000000000000000000000000000000000000" for instance <ram_1024_x_18> in unit <program>.
    Set user-defined property "INIT_2C =  0000000000000000000000000000000000000000000000000000000000000000" for instance <ram_1024_x_18> in unit <program>.
    Set user-defined property "INIT_2D =  0000000000000000000000000000000000000000000000000000000000000000" for instance <ram_1024_x_18> in unit <program>.
    Set user-defined property "INIT_2E =  0000000000000000000000000000000000000000000000000000000000000000" for instance <ram_1024_x_18> in unit <program>.
    Set user-defined property "INIT_2F =  0000000000000000000000000000000000000000000000000000000000000000" for instance <ram_1024_x_18> in unit <program>.
    Set user-defined property "INIT_30 =  0000000000000000000000000000000000000000000000000000000000000000" for instance <ram_1024_x_18> in unit <program>.
    Set user-defined property "INIT_31 =  0000000000000000000000000000000000000000000000000000000000000000" for instance <ram_1024_x_18> in unit <program>.
    Set user-defined property "INIT_32 =  0000000000000000000000000000000000000000000000000000000000000000" for instance <ram_1024_x_18> in unit <program>.
    Set user-defined property "INIT_33 =  0000000000000000000000000000000000000000000000000000000000000000" for instance <ram_1024_x_18> in unit <program>.
    Set user-defined property "INIT_34 =  0000000000000000000000000000000000000000000000000000000000000000" for instance <ram_1024_x_18> in unit <program>.
    Set user-defined property "INIT_35 =  0000000000000000000000000000000000000000000000000000000000000000" for instance <ram_1024_x_18> in unit <program>.
    Set user-defined property "INIT_36 =  0000000000000000000000000000000000000000000000000000000000000000" for instance <ram_1024_x_18> in unit <program>.
    Set user-defined property "INIT_37 =  0000000000000000000000000000000000000000000000000000000000000000" for instance <ram_1024_x_18> in unit <program>.
    Set user-defined property "INIT_38 =  0000000000000000000000000000000000000000000000000000000000000000" for instance <ram_1024_x_18> in unit <program>.
    Set user-defined property "INIT_39 =  0000000000000000000000000000000000000000000000000000000000000000" for instance <ram_1024_x_18> in unit <program>.
    Set user-defined property "INIT_3A =  0000000000000000000000000000000000000000000000000000000000000000" for instance <ram_1024_x_18> in unit <program>.
    Set user-defined property "INIT_3B =  0000000000000000000000000000000000000000000000000000000000000000" for instance <ram_1024_x_18> in unit <program>.
    Set user-defined property "INIT_3C =  0000000000000000000000000000000000000000000000000000000000000000" for instance <ram_1024_x_18> in unit <program>.
    Set user-defined property "INIT_3D =  0000000000000000000000000000000000000000000000000000000000000000" for instance <ram_1024_x_18> in unit <program>.
    Set user-defined property "INIT_3E =  0000000000000000000000000000000000000000000000000000000000000000" for instance <ram_1024_x_18> in unit <program>.
    Set user-defined property "INIT_3F =  419D000000000000000000000000000000000000000000000000000000000000" for instance <ram_1024_x_18> in unit <program>.
    Set user-defined property "SRVAL =  00000" for instance <ram_1024_x_18> in unit <program>.
    Set user-defined property "WRITE_MODE =  WRITE_FIRST" for instance <ram_1024_x_18> in unit <program>.
Entity <program> analyzed. Unit <program> generated.

Analyzing Entity <kcpsm3_io_registers_decoder> in library <work> (Architecture <behavioral>).
Entity <kcpsm3_io_registers_decoder> analyzed. Unit <kcpsm3_io_registers_decoder> generated.

Analyzing Entity <ps2_mouse> in library <work> (Architecture <behavioral>).
Entity <ps2_mouse> analyzed. Unit <ps2_mouse> generated.


=========================================================================
*                           HDL Synthesis                               *
=========================================================================

Performing bidirectional port resolution...

Synthesizing Unit <vga_clock_25mhz>.
    Related source file is "/home/user/_WORKSPACE_/kedziorno/kcpsm3_vga/vga_clock_25mhz.vhd".
    Found 1-bit register for signal <vga25_q<0>>.
    Found 1-bit register for signal <vga_clock>.
    Summary:
	inferred   2 D-type flip-flop(s).
Unit <vga_clock_25mhz> synthesized.


Synthesizing Unit <vga_timing>.
    Related source file is "/home/user/_WORKSPACE_/kedziorno/kcpsm3_vga/vga_timing.vhd".
    Found 1-bit register for signal <o_vsync>.
    Found 1-bit register for signal <o_hsync>.
    Found 10-bit up counter for signal <h_counter>.
    Found 10-bit comparator less for signal <o_h_blank$cmp_lt0000> created at line 106.
    Found 10-bit comparator greater for signal <o_hsync$cmp_gt0000> created at line 130.
    Found 10-bit comparator less for signal <o_hsync$cmp_lt0000> created at line 130.
    Found 10-bit comparator less for signal <o_v_blank$cmp_lt0000> created at line 110.
    Found 10-bit comparator greater for signal <o_vsync$cmp_gt0000> created at line 139.
    Found 10-bit comparator less for signal <o_vsync$cmp_lt0000> created at line 139.
    Found 10-bit up counter for signal <v_counter>.
    Summary:
	inferred   2 Counter(s).
	inferred   2 D-type flip-flop(s).
	inferred   6 Comparator(s).
Unit <vga_timing> synthesized.


Synthesizing Unit <vga_address_generator>.
    Related source file is "/home/user/_WORKSPACE_/kedziorno/kcpsm3_vga/vga_address_generator.vhd".
    Found 2-bit up counter for signal <row_index_q>.
    Found 15-bit adder for signal <vga_address_step_next_i$share0000> created at line 104.
    Found 15-bit register for signal <vga_address_step_q>.
    Found 15-bit register for signal <vga_address_step_temp_q>.
    Found 8-bit up counter for signal <x_q>.
    Found 2-bit up counter for signal <x_step_q>.
    Found 7-bit up counter for signal <y_q>.
    Found 2-bit up counter for signal <y_step_q>.
    Summary:
	inferred   5 Counter(s).
	inferred  30 D-type flip-flop(s).
	inferred   1 Adder/Subtractor(s).
Unit <vga_address_generator> synthesized.


Synthesizing Unit <vga_rgb>.
    Related source file is "/home/user/_WORKSPACE_/kedziorno/kcpsm3_vga/vga_rgb.vhd".
WARNING:Xst:647 - Input <i_reset> is never used. This port will be preserved and left unconnected if it belongs to a top-level block or it belongs to a sub-block and the hierarchy of this sub-block is preserved.
WARNING:Xst:647 - Input <i_clock> is never used. This port will be preserved and left unconnected if it belongs to a top-level block or it belongs to a sub-block and the hierarchy of this sub-block is preserved.
Unit <vga_rgb> synthesized.


Synthesizing Unit <kcpsm3_io_registers_decoder>.
    Related source file is "/home/user/_WORKSPACE_/kedziorno/kcpsm3_vga/kcpsm3_io_registers_decoder.vhd".
WARNING:Xst:1305 - Output <o_test0> is never assigned. Tied to value 00000000.
WARNING:Xst:1305 - Output <o_test1> is never assigned. Tied to value 00000000.
WARNING:Xst:1305 - Output <o_test2> is never assigned. Tied to value 00000000.
WARNING:Xst:1305 - Output <o_test3> is never assigned. Tied to value 00000000.
WARNING:Xst:1305 - Output <o_test4> is never assigned. Tied to value 00000000.
WARNING:Xst:1305 - Output <o_test5> is never assigned. Tied to value 00000000.
WARNING:Xst:1305 - Output <o_test6> is never assigned. Tied to value 00000000.
WARNING:Xst:1305 - Output <o_test7> is never assigned. Tied to value 00000000.
WARNING:Xst:1305 - Output <o_test8> is never assigned. Tied to value 00000000.
    Found 1-bit register for signal <o_pixel_write<0>>.
    Found 8-bit register for signal <o_kcpsm3_in_port>.
    Found 15-bit register for signal <o_pixel_coordination>.
    Found 6-bit register for signal <o_pixel_color>.
    Found 15-bit adder for signal <o_pixel_coordination$addsub0000> created at line 135.
    Found 8-bit register for signal <x_coordination>.
    Found 15-bit register for signal <y_coordination>.
    Found 7x8-bit multiplier for signal <y_coordination$mult0000> created at line 126.
    Summary:
	inferred  53 D-type flip-flop(s).
	inferred   1 Adder/Subtractor(s).
	inferred   1 Multiplier(s).
Unit <kcpsm3_io_registers_decoder> synthesized.


Synthesizing Unit <ps2_mouse>.
    Related source file is "/home/user/_WORKSPACE_/kedziorno/kcpsm3_vga/ps2_mouse.vhd".
    Found 256x1-bit ROM for signal <rx_parity$rom0000> created at line 221.
    Found 1-bit register for signal <o_scan_ready>.
    Found 1-bit register for signal <o_y_overflow>.
    Found 1-bit register for signal <o_button_right>.
    Found 1-bit register for signal <o_x_overflow>.
    Found 1-bit register for signal <o_button_middle>.
    Found 1-bit xor2 for signal <o_parity_error>.
    Found 8-bit register for signal <o_y_movement>.
    Found 1-bit register for signal <o_x_sign>.
    Found 8-bit register for signal <o_x_movement>.
    Found 1-bit register for signal <o_button_left>.
    Found 1-bit register for signal <o_y_sign>.
    Found 4-bit up counter for signal <bit_count>.
    Found 3-bit register for signal <byte_count_sr>.
    Found 4-bit comparator less for signal <byte_count_sr$cmp_lt0000> created at line 259.
    Found 2-bit register for signal <clear_reg>.
    Found 2-bit adder for signal <clear_reg$addsub0000> created at line 226.
    Found 2-bit comparator greatequal for signal <clear_reg$cmp_ge0000> created at line 227.
    Found 3-bit up counter for signal <clk_high_filter>.
    Found 3-bit up counter for signal <clk_low_filter>.
    Found 1-bit register for signal <filter_clk>.
    Found 1-bit register for signal <rx_parity>.
    Found 1-bit register for signal <rx_parity_received>.
    Found 9-bit register for signal <s_reg>.
    Found 1-bit register for signal <scan_state<0>>.
    Found 1-bit register for signal <trigger>.
    Found 4-bit comparator greatequal for signal <trigger$cmp_ge0000> created at line 259.
    Summary:
	inferred   1 ROM(s).
	inferred   3 Counter(s).
	inferred  40 D-type flip-flop(s).
	inferred   1 Adder/Subtractor(s).
	inferred   3 Comparator(s).
Unit <ps2_mouse> synthesized.


Synthesizing Unit <kcpsm3>.
    Related source file is "/home/user/_WORKSPACE_/kedziorno/kcpsm3_vga/kcpsm3.vhd".
Unit <kcpsm3> synthesized.


Synthesizing Unit <program>.
    Related source file is "/home/user/_WORKSPACE_/kedziorno/kcpsm3_vga/PROGRAM.VHD".
Unit <program> synthesized.


Synthesizing Unit <top>.
    Related source file is "/home/user/_WORKSPACE_/kedziorno/kcpsm3_vga/top.vhd".
WARNING:Xst:647 - Input <i_vga_clock> is never used. This port will be preserved and left unconnected if it belongs to a top-level block or it belongs to a sub-block and the hierarchy of this sub-block is preserved.
WARNING:Xst:1780 - Signal <test_concatenate_8765> is never used or assigned. This unconnected signal will be trimmed during the optimization process.
WARNING:Xst:1780 - Signal <test_concatenate_87> is never used or assigned. This unconnected signal will be trimmed during the optimization process.
WARNING:Xst:1780 - Signal <test_concatenate_65> is never used or assigned. This unconnected signal will be trimmed during the optimization process.
WARNING:Xst:1780 - Signal <test_concatenate_4321> is never used or assigned. This unconnected signal will be trimmed during the optimization process.
WARNING:Xst:1780 - Signal <test_concatenate_43> is never used or assigned. This unconnected signal will be trimmed during the optimization process.
WARNING:Xst:1780 - Signal <test_concatenate_21> is never used or assigned. This unconnected signal will be trimmed during the optimization process.
WARNING:Xst:646 - Signal <ps2_mouse_y_sign> is assigned but never used. This unconnected signal will be trimmed during the optimization process.
WARNING:Xst:646 - Signal <ps2_mouse_y_overflow> is assigned but never used. This unconnected signal will be trimmed during the optimization process.
WARNING:Xst:646 - Signal <ps2_mouse_x_sign> is assigned but never used. This unconnected signal will be trimmed during the optimization process.
WARNING:Xst:646 - Signal <ps2_mouse_x_overflow> is assigned but never used. This unconnected signal will be trimmed during the optimization process.
WARNING:Xst:646 - Signal <ps2_mouse_scan_ready> is assigned but never used. This unconnected signal will be trimmed during the optimization process.
WARNING:Xst:646 - Signal <ps2_mouse_parity_error> is assigned but never used. This unconnected signal will be trimmed during the optimization process.
WARNING:Xst:646 - Signal <ps2_mouse_do_read> is assigned but never used. This unconnected signal will be trimmed during the optimization process.
WARNING:Xst:1780 - Signal <o_test8> is never used or assigned. This unconnected signal will be trimmed during the optimization process.
WARNING:Xst:1780 - Signal <o_test7> is never used or assigned. This unconnected signal will be trimmed during the optimization process.
WARNING:Xst:1780 - Signal <o_test6> is never used or assigned. This unconnected signal will be trimmed during the optimization process.
WARNING:Xst:1780 - Signal <o_test5> is never used or assigned. This unconnected signal will be trimmed during the optimization process.
WARNING:Xst:1780 - Signal <o_test4> is never used or assigned. This unconnected signal will be trimmed during the optimization process.
WARNING:Xst:646 - Signal <o_test3> is assigned but never used. This unconnected signal will be trimmed during the optimization process.
WARNING:Xst:646 - Signal <o_test2> is assigned but never used. This unconnected signal will be trimmed during the optimization process.
WARNING:Xst:646 - Signal <o_test1> is assigned but never used. This unconnected signal will be trimmed during the optimization process.
WARNING:Xst:646 - Signal <o_test0> is assigned but never used. This unconnected signal will be trimmed during the optimization process.
    Found 1-bit register for signal <kcpsm3_interrupt>.
    Found 1-bit register for signal <ps2_mouse_trigger_prev>.
    Found 1-bit register for signal <state<0>>.
    Summary:
	inferred   3 D-type flip-flop(s).
Unit <top> synthesized.

INFO:Xst:1767 - HDL ADVISOR - Resource sharing has identified that some arithmetic operations in this design can share the same physical resources for reduced device utilization. For improved clock frequency you may try to disable resource sharing.

=========================================================================
HDL Synthesis Report

Macro Statistics
# ROMs                                                 : 1
 256x1-bit ROM                                         : 1
# Multipliers                                          : 1
 7x8-bit multiplier                                    : 1
# Adders/Subtractors                                   : 3
 15-bit adder                                          : 2
 2-bit adder                                           : 1
# Counters                                             : 10
 10-bit up counter                                     : 2
 2-bit up counter                                      : 3
 3-bit up counter                                      : 2
 4-bit up counter                                      : 1
 7-bit up counter                                      : 1
 8-bit up counter                                      : 1
# Registers                                            : 33
 1-bit register                                        : 21
 15-bit register                                       : 4
 2-bit register                                        : 1
 3-bit register                                        : 1
 6-bit register                                        : 1
 8-bit register                                        : 4
 9-bit register                                        : 1
# Comparators                                          : 9
 10-bit comparator greater                             : 2
 10-bit comparator less                                : 4
 2-bit comparator greatequal                           : 1
 4-bit comparator greatequal                           : 1
 4-bit comparator less                                 : 1
# Xors                                                 : 1
 1-bit xor2                                            : 1

=========================================================================

=========================================================================
*                       Advanced HDL Synthesis                          *
=========================================================================

Reading core <ipcore_dir/ipcore_vga_ramb16_dp.ngc>.
Loading core <ipcore_vga_ramb16_dp> for timing and area information for instance <inst_ipcore_vga_ramb16_dp>.
WARNING:Xst:1293 - FF/Latch <vga25_q_0> has a constant value of 0 in block <inst_vga_clock_25mhz>. This FF/Latch will be trimmed during the optimization process.

Synthesizing (advanced) Unit <kcpsm3_io_registers_decoder>.
	Found pipelined multiplier on signal <y_coordination_mult0000>:
		- 1 pipeline level(s) found in a register connected to the multiplier macro output.
		Pushing register(s) into the multiplier macro.
Unit <kcpsm3_io_registers_decoder> synthesized (advanced).

=========================================================================
Advanced HDL Synthesis Report

Macro Statistics
# ROMs                                                 : 1
 256x1-bit ROM                                         : 1
# Multipliers                                          : 1
 7x8-bit registered multiplier                         : 1
# Adders/Subtractors                                   : 3
 15-bit adder                                          : 2
 2-bit adder                                           : 1
# Counters                                             : 9
 10-bit up counter                                     : 2
 2-bit up counter                                      : 3
 3-bit up counter                                      : 2
 4-bit up counter                                      : 1
 8-bit up counter                                      : 1
# Registers                                            : 194
 Flip-Flops                                            : 194
# Comparators                                          : 9
 10-bit comparator greater                             : 2
 10-bit comparator less                                : 4
 2-bit comparator greatequal                           : 1
 4-bit comparator greatequal                           : 1
 4-bit comparator less                                 : 1
# Xors                                                 : 1
 1-bit xor2                                            : 1

=========================================================================

=========================================================================
*                         Low Level Synthesis                           *
=========================================================================
WARNING:Xst:1293 - FF/Latch <vga25_q_0> has a constant value of 0 in block <vga_clock_25mhz>. This FF/Latch will be trimmed during the optimization process.
INFO:Xst:2146 - In block <vga_address_generator>, Counter <y_step_q> <row_index_q> are equivalent, XST will keep only <y_step_q>.

Optimizing unit <top> ...

Optimizing unit <vga_timing> ...

Optimizing unit <vga_address_generator> ...

Optimizing unit <kcpsm3_io_registers_decoder> ...

Optimizing unit <kcpsm3> ...

Optimizing unit <ps2_mouse> ...
WARNING:Xst:2677 - Node <inst_ps2_mouse/rx_parity> of sequential type is unconnected in block <top>.
WARNING:Xst:2677 - Node <inst_ps2_mouse/o_y_overflow> of sequential type is unconnected in block <top>.
WARNING:Xst:2677 - Node <inst_ps2_mouse/rx_parity_received> of sequential type is unconnected in block <top>.
WARNING:Xst:2677 - Node <inst_ps2_mouse/o_y_sign> of sequential type is unconnected in block <top>.
WARNING:Xst:2677 - Node <inst_ps2_mouse/o_x_overflow> of sequential type is unconnected in block <top>.
WARNING:Xst:2677 - Node <inst_ps2_mouse/o_x_sign> of sequential type is unconnected in block <top>.
WARNING:Xst:2677 - Node <inst_ps2_mouse/o_scan_ready> of sequential type is unconnected in block <top>.
WARNING:Xst:2677 - Node <inst_ps2_mouse/clear_reg_1> of sequential type is unconnected in block <top>.
WARNING:Xst:2677 - Node <inst_ps2_mouse/clear_reg_0> of sequential type is unconnected in block <top>.

Mapping all equations...
Building and optimizing final netlist ...
Found area constraint ratio of 100 (+ 5) on block top, actual ratio is 2.

Final Macro Processing ...

=========================================================================
Final Register Report

Macro Statistics
# Registers                                            : 226
 Flip-Flops                                            : 226

=========================================================================

=========================================================================
*                           Partition Report                            *
=========================================================================

Partition Implementation Status
-------------------------------

  No Partitions were found in this design.

-------------------------------

=========================================================================
*                            Final Report                               *
=========================================================================
Final Results
RTL Top Level Output File Name     : top.ngr
Top Level Output File Name         : top
Output Format                      : NGC
Optimization Goal                  : Speed
Keep Hierarchy                     : No

Design Statistics
# IOs                              : 24

Cell Usage :
# BELS                             : 626
#      GND                         : 2
#      INV                         : 15
#      LUT1                        : 33
#      LUT2                        : 83
#      LUT2_D                      : 1
#      LUT2_L                      : 1
#      LUT3                        : 110
#      LUT3_D                      : 1
#      LUT3_L                      : 1
#      LUT4                        : 127
#      LUT4_D                      : 7
#      LUT4_L                      : 40
#      MULT_AND                    : 2
#      MUXCY                       : 92
#      MUXF5                       : 14
#      VCC                         : 2
#      XORCY                       : 95
# FlipFlops/Latches                : 229
#      FD                          : 24
#      FDC                         : 67
#      FDCE                        : 62
#      FDE                         : 25
#      FDPE                        : 1
#      FDR                         : 30
#      FDRE                        : 8
#      FDRSE                       : 10
#      FDS                         : 2
# RAMS                             : 35
#      RAM16X1D                    : 8
#      RAM32X1S                    : 10
#      RAM64X1S                    : 8
#      RAMB16_S18                  : 1
#      RAMB16_S1_S1                : 6
#      RAMB16_S2_S2                : 1
#      RAMB16_S4_S4                : 1
# Clock Buffers                    : 3
#      BUFG                        : 2
#      BUFGP                       : 1
# IO Buffers                       : 22
#      IBUF                        : 3
#      OBUF                        : 19
# MULTs                            : 1
#      MULT18X18SIO                : 1
=========================================================================

Device utilization summary:
---------------------------

Selected Device : 3s1200efg320-4 

 Number of Slices:                      259  out of   8672     2%  
 Number of Slice Flip Flops:            229  out of  17344     1%  
 Number of 4 input LUTs:                487  out of  17344     2%  
    Number used as logic:               419
    Number used as RAMs:                 68
 Number of IOs:                          24
 Number of bonded IOBs:                  23  out of    250     9%  
 Number of BRAMs:                         9  out of     28    32%  
 Number of MULT18X18SIOs:                 1  out of     28     3%  
 Number of GCLKs:                         3  out of     24    12%  

---------------------------
Partition Resource Summary:
---------------------------

  No Partitions were found in this design.

---------------------------


=========================================================================
TIMING REPORT

NOTE: THESE TIMING NUMBERS ARE ONLY A SYNTHESIS ESTIMATE.
      FOR ACCURATE TIMING INFORMATION PLEASE REFER TO THE TRACE REPORT
      GENERATED AFTER PLACE-and-ROUTE.

Clock Information:
------------------
-----------------------------------+------------------------+-------+
Clock Signal                       | Clock buffer(FF name)  | Load  |
-----------------------------------+------------------------+-------+
inst_vga_clock_25mhz/vga_clock1    | BUFG                   | 75    |
i_cpu_clock                        | BUFGP                  | 161   |
inst_ps2_mouse/filter_clk1         | BUFG                   | 37    |
-----------------------------------+------------------------+-------+

Asynchronous Control Signals Information:
----------------------------------------
-----------------------------------+------------------------+-------+
Control Signal                     | Buffer(FF name)        | Load  |
-----------------------------------+------------------------+-------+
i_reset                            | IBUF                   | 130   |
-----------------------------------+------------------------+-------+

Timing Summary:
---------------
Speed Grade: -4

   Minimum period: 10.816ns (Maximum Frequency: 92.456MHz)
   Minimum input arrival time before clock: 8.399ns
   Maximum output required time after clock: 9.796ns
   Maximum combinational path delay: 8.947ns

Timing Detail:
--------------
All values displayed in nanoseconds (ns)

=========================================================================
Timing constraint: Default period analysis for Clock 'inst_vga_clock_25mhz/vga_clock1'
  Clock period: 9.877ns (frequency: 101.245MHz)
  Total number of paths / destination ports: 6071 / 221
-------------------------------------------------------------------------
Delay:               9.877ns (Levels of Logic = 20)
  Source:            inst_vga_address_generator/x_q_3 (FF)
  Destination:       inst_vga_address_generator/vga_address_step_temp_q_14 (FF)
  Source Clock:      inst_vga_clock_25mhz/vga_clock1 rising
  Destination Clock: inst_vga_clock_25mhz/vga_clock1 rising

  Data Path: inst_vga_address_generator/x_q_3 to inst_vga_address_generator/vga_address_step_temp_q_14
                                Gate     Net
    Cell:in->out      fanout   Delay   Delay  Logical Name (Net Name)
    ----------------------------------------  ------------
     FDCE:C->Q             2   0.591   0.622  inst_vga_address_generator/x_q_3 (inst_vga_address_generator/x_q_3)
     LUT4:I0->O            1   0.704   0.424  inst_vga_address_generator/x_q_cmp_eq00002_SW0 (N55)
     LUT4:I3->O           24   0.704   1.331  inst_vga_address_generator/x_q_cmp_eq00002 (inst_vga_address_generator/x_q_cmp_eq0000_mand)
     LUT2:I1->O            4   0.704   0.591  inst_vga_address_generator/x_q_cmp_eq00001 (inst_vga_address_generator/x_q_cmp_eq0000)
     LUT4:I3->O            1   0.704   0.000  inst_vga_address_generator/Madd_vga_address_step_next_i_share0000_lut<0> (inst_vga_address_generator/Madd_vga_address_step_next_i_share0000_lut<0>)
     MUXCY:S->O            1   0.464   0.000  inst_vga_address_generator/Madd_vga_address_step_next_i_share0000_cy<0> (inst_vga_address_generator/Madd_vga_address_step_next_i_share0000_cy<0>)
     MUXCY:CI->O           1   0.059   0.000  inst_vga_address_generator/Madd_vga_address_step_next_i_share0000_cy<1> (inst_vga_address_generator/Madd_vga_address_step_next_i_share0000_cy<1>)
     MUXCY:CI->O           1   0.059   0.000  inst_vga_address_generator/Madd_vga_address_step_next_i_share0000_cy<2> (inst_vga_address_generator/Madd_vga_address_step_next_i_share0000_cy<2>)
     MUXCY:CI->O           1   0.059   0.000  inst_vga_address_generator/Madd_vga_address_step_next_i_share0000_cy<3> (inst_vga_address_generator/Madd_vga_address_step_next_i_share0000_cy<3>)
     MUXCY:CI->O           1   0.059   0.000  inst_vga_address_generator/Madd_vga_address_step_next_i_share0000_cy<4> (inst_vga_address_generator/Madd_vga_address_step_next_i_share0000_cy<4>)
     MUXCY:CI->O           1   0.059   0.000  inst_vga_address_generator/Madd_vga_address_step_next_i_share0000_cy<5> (inst_vga_address_generator/Madd_vga_address_step_next_i_share0000_cy<5>)
     MUXCY:CI->O           1   0.059   0.000  inst_vga_address_generator/Madd_vga_address_step_next_i_share0000_cy<6> (inst_vga_address_generator/Madd_vga_address_step_next_i_share0000_cy<6>)
     MUXCY:CI->O           1   0.059   0.000  inst_vga_address_generator/Madd_vga_address_step_next_i_share0000_cy<7> (inst_vga_address_generator/Madd_vga_address_step_next_i_share0000_cy<7>)
     MUXCY:CI->O           1   0.059   0.000  inst_vga_address_generator/Madd_vga_address_step_next_i_share0000_cy<8> (inst_vga_address_generator/Madd_vga_address_step_next_i_share0000_cy<8>)
     MUXCY:CI->O           1   0.059   0.000  inst_vga_address_generator/Madd_vga_address_step_next_i_share0000_cy<9> (inst_vga_address_generator/Madd_vga_address_step_next_i_share0000_cy<9>)
     MUXCY:CI->O           1   0.059   0.000  inst_vga_address_generator/Madd_vga_address_step_next_i_share0000_cy<10> (inst_vga_address_generator/Madd_vga_address_step_next_i_share0000_cy<10>)
     MUXCY:CI->O           1   0.059   0.000  inst_vga_address_generator/Madd_vga_address_step_next_i_share0000_cy<11> (inst_vga_address_generator/Madd_vga_address_step_next_i_share0000_cy<11>)
     MUXCY:CI->O           1   0.059   0.000  inst_vga_address_generator/Madd_vga_address_step_next_i_share0000_cy<12> (inst_vga_address_generator/Madd_vga_address_step_next_i_share0000_cy<12>)
     MUXCY:CI->O           0   0.059   0.000  inst_vga_address_generator/Madd_vga_address_step_next_i_share0000_cy<13> (inst_vga_address_generator/Madd_vga_address_step_next_i_share0000_cy<13>)
     XORCY:CI->O           1   0.804   0.455  inst_vga_address_generator/Madd_vga_address_step_next_i_share0000_xor<14> (inst_vga_address_generator/vga_address_step_next_i_share0000<14>)
     LUT3:I2->O            2   0.704   0.000  inst_vga_address_generator/vga_address_step_next_i<14> (inst_vga_address_generator/vga_address_step_next_i<14>)
     FDC:D                     0.308          inst_vga_address_generator/vga_address_step_q_14
    ----------------------------------------
    Total                      9.877ns (6.454ns logic, 3.423ns route)
                                       (65.3% logic, 34.7% route)

=========================================================================
Timing constraint: Default period analysis for Clock 'i_cpu_clock'
  Clock period: 10.816ns (frequency: 92.456MHz)
  Total number of paths / destination ports: 8002 / 580
-------------------------------------------------------------------------
Delay:               10.816ns (Levels of Logic = 5)
  Source:            inst_kcpsm3_rom_memory_content/ram_1024_x_18 (RAM)
  Destination:       inst_kcpsm3_io_registers_decoder/o_pixel_color_5 (FF)
  Source Clock:      i_cpu_clock rising
  Destination Clock: i_cpu_clock rising

  Data Path: inst_kcpsm3_rom_memory_content/ram_1024_x_18 to inst_kcpsm3_io_registers_decoder/o_pixel_color_5
                                Gate     Net
    Cell:in->out      fanout   Delay   Delay  Logical Name (Net Name)
    ----------------------------------------  ------------
     RAMB16_S18:CLK->DO5   10   2.800   0.882  inst_kcpsm3_rom_memory_content/ram_1024_x_18 (kcpsm3_instruction<5>)
     RAM16X1D:DPRA1->DPO    1   0.704   0.455  inst_kcpsm3/reg_loop[4].register_bit (inst_kcpsm3/sy<4>)
     LUT3:I2->O           24   0.704   1.331  inst_kcpsm3/reg_loop[4].operand_select_mux (kcpsm3_port_id<4>)
     LUT4:I1->O           15   0.704   1.096  inst_kcpsm3_io_registers_decoder/x_coordination_and0000121 (inst_kcpsm3_io_registers_decoder/o_pixel_write_0_or0000)
     LUT2:I1->O            1   0.704   0.424  inst_kcpsm3_io_registers_decoder/o_pixel_coordination_mux0000<14>1_SW0 (N151)
     LUT4:I3->O            1   0.704   0.000  inst_kcpsm3_io_registers_decoder/o_pixel_coordination_mux0000<14>1 (inst_kcpsm3_io_registers_decoder/o_pixel_coordination_mux0000<14>)
     FDC:D                     0.308          inst_kcpsm3_io_registers_decoder/o_pixel_coordination_14
    ----------------------------------------
    Total                     10.816ns (6.628ns logic, 4.188ns route)
                                       (61.3% logic, 38.7% route)

=========================================================================
Timing constraint: Default period analysis for Clock 'inst_ps2_mouse/filter_clk1'
  Clock period: 4.822ns (frequency: 207.383MHz)
  Total number of paths / destination ports: 137 / 60
-------------------------------------------------------------------------
Delay:               4.822ns (Levels of Logic = 2)
  Source:            inst_ps2_mouse/scan_state_0 (FF)
  Destination:       inst_ps2_mouse/scan_state_0 (FF)
  Source Clock:      inst_ps2_mouse/filter_clk1 rising
  Destination Clock: inst_ps2_mouse/filter_clk1 rising

  Data Path: inst_ps2_mouse/scan_state_0 to inst_ps2_mouse/scan_state_0
                                Gate     Net
    Cell:in->out      fanout   Delay   Delay  Logical Name (Net Name)
    ----------------------------------------  ------------
     FDCE:C->Q            17   0.591   1.051  inst_ps2_mouse/scan_state_0 (inst_ps2_mouse/scan_state_0)
     MUXF5:S->O            4   0.739   0.762  inst_ps2_mouse/scan_state_0_not00012_f5 (inst_ps2_mouse/byte_count_sr_not0001)
     LUT3:I0->O            1   0.704   0.420  inst_ps2_mouse/scan_state_0_not00011 (inst_ps2_mouse/scan_state_0_not0001)
     FDCE:CE                   0.555          inst_ps2_mouse/scan_state_0
    ----------------------------------------
    Total                      4.822ns (2.589ns logic, 2.233ns route)
                                       (53.7% logic, 46.3% route)

=========================================================================
Timing constraint: Default OFFSET IN BEFORE for Clock 'i_cpu_clock'
  Total number of paths / destination ports: 30 / 29
-------------------------------------------------------------------------
Offset:              5.935ns (Levels of Logic = 3)
  Source:            i_reset (PAD)
  Destination:       inst_kcpsm3_io_registers_decoder/x_coordination_7 (FF)
  Destination Clock: i_cpu_clock rising

  Data Path: i_reset to inst_kcpsm3_io_registers_decoder/x_coordination_7
                                Gate     Net
    Cell:in->out      fanout   Delay   Delay  Logical Name (Net Name)
    ----------------------------------------  ------------
     IBUF:I->O           138   1.218   1.375  i_reset_IBUF (i_reset_IBUF)
     LUT2:I1->O            2   0.704   0.622  inst_kcpsm3_io_registers_decoder/x_coordination_and000012_SW0 (N176)
     LUT4:I0->O            8   0.704   0.757  inst_kcpsm3_io_registers_decoder/x_coordination_and00002 (inst_kcpsm3_io_registers_decoder/x_coordination_and0000)
     FDE:CE                    0.555          inst_kcpsm3_io_registers_decoder/x_coordination_0
    ----------------------------------------
    Total                      5.935ns (3.181ns logic, 2.754ns route)
                                       (53.6% logic, 46.4% route)

=========================================================================
Timing constraint: Default OFFSET IN BEFORE for Clock 'inst_vga_clock_25mhz/vga_clock1'
  Total number of paths / destination ports: 119 / 59
-------------------------------------------------------------------------
Offset:              8.399ns (Levels of Logic = 5)
  Source:            i_reset (PAD)
  Destination:       inst_vga_address_generator/vga_address_step_temp_q_14 (FF)
  Destination Clock: inst_vga_clock_25mhz/vga_clock1 rising

  Data Path: i_reset to inst_vga_address_generator/vga_address_step_temp_q_14
                                Gate     Net
    Cell:in->out      fanout   Delay   Delay  Logical Name (Net Name)
    ----------------------------------------  ------------
     IBUF:I->O           138   1.218   1.471  i_reset_IBUF (i_reset_IBUF)
     LUT4:I0->O           13   0.704   0.987  inst_vga_timing/o_blank (o_blank_OBUF)
     LUT4:I3->O            1   0.704   0.424  inst_vga_address_generator/vga_address_step_next_i<0>5_SW0 (N17)
     LUT4_D:I3->O         14   0.704   1.175  inst_vga_address_generator/vga_address_step_next_i<0>5 (inst_vga_address_generator/N5)
     LUT3:I0->O            2   0.704   0.000  inst_vga_address_generator/vga_address_step_next_i<9> (inst_vga_address_generator/vga_address_step_next_i<9>)
     FDC:D                     0.308          inst_vga_address_generator/vga_address_step_q_9
    ----------------------------------------
    Total                      8.399ns (4.342ns logic, 4.057ns route)
                                       (51.7% logic, 48.3% route)

=========================================================================
Timing constraint: Default OFFSET IN BEFORE for Clock 'inst_ps2_mouse/filter_clk1'
  Total number of paths / destination ports: 2 / 2
-------------------------------------------------------------------------
Offset:              3.423ns (Levels of Logic = 2)
  Source:            i_ps2_mdata (PAD)
  Destination:       inst_ps2_mouse/scan_state_0 (FF)
  Destination Clock: inst_ps2_mouse/filter_clk1 rising

  Data Path: i_ps2_mdata to inst_ps2_mouse/scan_state_0
                                Gate     Net
    Cell:in->out      fanout   Delay   Delay  Logical Name (Net Name)
    ----------------------------------------  ------------
     IBUF:I->O             2   1.218   0.526  i_ps2_mdata_IBUF (i_ps2_mdata_IBUF)
     LUT3:I1->O            1   0.704   0.420  inst_ps2_mouse/scan_state_0_not00011 (inst_ps2_mouse/scan_state_0_not0001)
     FDCE:CE                   0.555          inst_ps2_mouse/scan_state_0
    ----------------------------------------
    Total                      3.423ns (2.477ns logic, 0.946ns route)
                                       (72.4% logic, 27.6% route)

=========================================================================
Timing constraint: Default OFFSET OUT AFTER for Clock 'inst_vga_clock_25mhz/vga_clock1'
  Total number of paths / destination ports: 98 / 11
-------------------------------------------------------------------------
Offset:              9.796ns (Levels of Logic = 5)
  Source:            inst_vga_timing/v_counter_6 (FF)
  Destination:       o_b<3> (PAD)
  Source Clock:      inst_vga_clock_25mhz/vga_clock1 rising

  Data Path: inst_vga_timing/v_counter_6 to o_b<3>
                                Gate     Net
    Cell:in->out      fanout   Delay   Delay  Logical Name (Net Name)
    ----------------------------------------  ------------
     FDCE:C->Q             4   0.591   0.762  inst_vga_timing/v_counter_6 (inst_vga_timing/v_counter_6)
     LUT2_L:I0->LO         1   0.704   0.104  inst_vga_timing/o_v_blank_SW0 (N13)
     LUT4:I3->O            6   0.704   0.673  inst_vga_timing/o_v_blank (o_v_blank_OBUF)
     LUT4:I3->O           13   0.704   1.158  inst_vga_timing/o_blank (o_blank_OBUF)
     LUT2:I0->O            1   0.704   0.420  inst_vga_rgb/o_r_1_mux00001 (o_r_3_OBUF)
     OBUF:I->O                 3.272          o_r_3_OBUF (o_r<3>)
    ----------------------------------------
    Total                      9.796ns (6.679ns logic, 3.117ns route)
                                       (68.2% logic, 31.8% route)

=========================================================================
Timing constraint: Default OFFSET OUT AFTER for Clock 'inst_ps2_mouse/filter_clk1'
  Total number of paths / destination ports: 3 / 3
-------------------------------------------------------------------------
Offset:              4.310ns (Levels of Logic = 1)
  Source:            inst_ps2_mouse/o_button_left (FF)
  Destination:       o_led<2> (PAD)
  Source Clock:      inst_ps2_mouse/filter_clk1 rising

  Data Path: inst_ps2_mouse/o_button_left to o_led<2>
                                Gate     Net
    Cell:in->out      fanout   Delay   Delay  Logical Name (Net Name)
    ----------------------------------------  ------------
     FDCE:C->Q             2   0.591   0.447  inst_ps2_mouse/o_button_left (inst_ps2_mouse/o_button_left)
     OBUF:I->O                 3.272          o_led_2_OBUF (o_led<2>)
    ----------------------------------------
    Total                      4.310ns (3.863ns logic, 0.447ns route)
                                       (89.6% logic, 10.4% route)

=========================================================================
Timing constraint: Default path analysis
  Total number of paths / destination ports: 7 / 7
-------------------------------------------------------------------------
Delay:               8.947ns (Levels of Logic = 4)
  Source:            i_reset (PAD)
  Destination:       o_b<3> (PAD)

  Data Path: i_reset to o_b<3>
                                Gate     Net
    Cell:in->out      fanout   Delay   Delay  Logical Name (Net Name)
    ----------------------------------------  ------------
     IBUF:I->O           138   1.218   1.471  i_reset_IBUF (i_reset_IBUF)
     LUT4:I0->O           13   0.704   1.158  inst_vga_timing/o_blank (o_blank_OBUF)
     LUT2:I0->O            1   0.704   0.420  inst_vga_rgb/o_r_1_mux00001 (o_r_3_OBUF)
     OBUF:I->O                 3.272          o_r_3_OBUF (o_r<3>)
    ----------------------------------------
    Total                      8.947ns (5.898ns logic, 3.049ns route)
                                       (65.9% logic, 34.1% route)

=========================================================================


Total REAL time to Xst completion: 4.00 secs
Total CPU time to Xst completion: 4.33 secs
 
--> 


Total memory usage is 535672 kilobytes

Number of errors   :    0 (   0 filtered)
Number of warnings :  164 (   0 filtered)
Number of infos    :    2 (   0 filtered)

